Sr. No.,Date,Batch,Production,Sample,Defects,Defect %,Temperature,"Temperature
Inlet (80-85)","Temperature
Outlet (60-65)",Pressure,Pressure (1-6 ton),Moisture,Moisture (40-60%),Setting Machine not Valid,Method not Complete,Oxidized Vit C,New Operator,Specification it is not Valid,In a Hurry,Inaccurate Heater,No Maintenance Schedule,Careless,Less Inspection,Less People,Machine is too Old,Schedule Shift,Storage and RH Room,Defect Total,
1,3/1/2019,1,4642,200,3,1.50%,1,92,61,1,8,0,46,0,0,0,0,0,1,0,0,0,0,0,0,0,0,210,-207
2,3/1/2019,2,3871,200,2,1.00%,1,90,60,1,9,0,43,0,0,0,0,0,0,0,0,0,0,0,0,0,0,204,-202
3,3/1/2019,3,3941,200,6,3.00%,2,97,41,2,7,1,78,0,0,0,0,1,0,0,0,0,0,0,0,0,0,229,-223
4,3/1/2019,4,4462,200,2,1.00%,1,97,64,1,9,0,43,0,0,0,0,0,0,0,0,0,0,0,0,0,0,215,-213
5,3/1/2019,5,4580,200,1,0.50%,1,91,61,0,2,0,45,0,0,0,0,0,0,0,0,0,0,0,0,0,0,200,-199
6,3/1/2019,6,4316,200,2,1.00%,1,97,65,1,7,0,57,0,0,0,0,0,0,0,0,0,0,0,0,0,0,228,-226
7,3/2/2019,1,3908,200,7,3.50%,2,94,49,2,7,1,86,0,0,0,0,1,0,0,0,0,0,0,0,0,0,242,-235
8,3/2/2019,1,3908,200,7,3.50%,1,96,64,0,6,0,50,0,0,0,0,0,0,0,0,0,0,0,0,0,0,,
9,3/2/2019,2,3782,200,0,0.00%,0,85,62,0,4,0,59,0,0,0,0,0,0,0,0,0,0,0,0,0,0,210,-210
10,3/2/2019,3,6230,200,6,3.00%,2,99,40,2,10,1,85,0,0,0,1,0,0,0,0,0,0,0,0,0,0,240,-234
11,3/2/2019,4,6140,200,1,0.50%,1,90,62,0,5,0,52,0,0,0,0,0,0,0,0,0,0,0,0,0,0,210,-209
12,3/2/2019,5,5533,200,3,1.50%,1,97,61,1,8,0,44,0,0,0,0,0,1,0,0,0,0,0,0,0,0,213,-210
13,3/2/2019,6,6219,200,5,2.50%,2,93,48,1,7,0,50,1,0,0,1,0,0,0,0,0,0,0,0,0,0,203,-198
14,3/3/2019,1,5835,200,2,1.00%,1,98,61,1,9,0,50,0,0,0,0,0,0,0,0,0,0,0,0,0,0,220,-218
15,3/3/2019,2,5973,200,5,2.50%,2,97,47,1,9,0,40,0,0,0,0,1,0,1,0,0,0,0,0,0,0,198,-193
16,3/3/2019,3,3599,200,5,2.50%,2,97,44,1,8,0,42,0,0,0,1,0,0,0,1,0,0,0,0,0,0,196,-191
17,3/3/2019,4,3935,200,4,2.00%,1,98,60,1,7,0,44,0,0,0,0,0,0,0,0,0,0,0,0,0,0,211,-207
18,3/3/2019,4,3935,200,4,2.00%,2,95,48,0,4,0,52,0,0,0,0,0,0,0,0,0,0,0,0,0,0,,
19,3/3/2019,5,4201,200,3,1.50%,1,95,60,1,10,0,55,0,0,0,1,0,0,0,0,0,0,0,0,0,0,223,-220
20,3/3/2019,6,3843,200,4,2.00%,1,98,63,1,10,0,57,0,0,0,0,0,0,0,0,0,0,0,0,0,0,230,-226
21,3/3/2019,6,3843,200,4,2.00%,2,95,50,0,5,0,52,0,0,0,0,0,0,0,0,0,0,0,0,0,0,,
22,3/4/2019,1,4937,200,1,0.50%,1,92,64,0,2,0,40,0,0,0,0,0,0,0,0,0,0,0,0,0,0,199,-198
23,3/4/2019,2,5820,200,2,1.00%,1,97,63,1,9,0,42,0,0,0,0,0,0,0,0,0,0,0,0,0,0,213,-211
24,3/4/2019,3,5194,200,6,3.00%,2,92,49,2,9,1,78,0,0,1,0,0,0,0,0,0,0,0,0,0,0,234,-228
25,3/4/2019,4,4348,200,4,2.00%,2,91,40,1,8,0,52,0,0,0,0,0,0,0,0,0,0,0,0,0,0,194,-190
26,3/4/2019,4,4348,200,4,2.00%,1,96,60,0,4,0,49,0,0,0,0,0,0,0,0,0,0,0,0,0,0,,
27,3/4/2019,5,4143,200,5,2.50%,2,99,48,1,9,1,73,0,1,0,0,0,0,0,0,0,0,0,0,0,0,234,-229
28,3/4/2019,6,4407,200,6,3.00%,2,90,55,2,9,1,79,1,0,0,0,0,0,0,0,0,0,0,0,0,0,239,-233
29,3/5/2019,1,5796,200,7,3.50%,2,96,43,2,8,1,81,0,1,0,0,0,0,0,0,0,0,0,0,0,0,234,-227
30,3/5/2019,1,5796,200,7,3.50%,1,98,60,0,6,0,47,0,0,0,0,0,0,0,0,0,0,0,0,0,0,,
31,3/5/2019,2,5193,200,6,3.00%,2,97,49,2,10,1,83,0,0,1,0,0,0,0,0,0,0,0,0,0,0,245,-239
32,3/5/2019,3,6055,200,5,2.50%,2,93,46,1,10,0,50,0,0,0,1,1,0,0,0,0,0,0,0,0,0,204,-199
33,3/5/2019,4,5075,200,1,0.50%,1,96,64,0,1,0,48,0,0,0,0,0,0,0,0,0,0,0,0,0,0,210,-209
34,3/5/2019,5,5199,200,3,1.50%,1,100,61,1,7,0,60,0,1,0,0,0,0,0,0,0,0,0,0,0,0,231,-228
35,3/5/2019,6,6190,200,7,3.50%,2,99,43,2,7,0,51,1,0,0,1,0,0,0,0,0,0,0,0,0,0,206,-199
36,3/5/2019,6,6190,200,7,3.50%,1,93,61,0,2,0,48,0,0,0,0,0,0,0,0,0,0,0,0,0,0,,
37,3/6/2019,1,4181,200,2,1.00%,1,90,65,1,8,0,59,0,0,0,0,0,0,0,0,0,0,0,0,0,0,224,-222
38,3/6/2019,2,5356,200,1,0.50%,1,98,65,0,6,0,51,0,0,0,0,0,0,0,0,0,0,0,0,0,0,221,-220
39,3/6/2019,3,4668,200,3,1.50%,1,92,65,1,7,0,49,0,1,0,0,0,0,0,0,0,0,0,0,0,0,216,-213
40,3/6/2019,4,4809,200,6,3.00%,2,99,43,2,7,1,74,1,0,0,0,0,0,0,0,0,0,0,0,0,0,229,-223
41,3/6/2019,5,5684,200,5,2.50%,2,97,54,1,7,0,50,0,1,0,1,0,0,0,0,0,0,0,0,0,0,213,-208
42,3/6/2019,6,6211,200,1,0.50%,1,92,60,0,1,0,46,0,0,0,0,0,0,0,0,0,0,0,0,0,0,200,-199
43,3/7/2019,1,4538,200,4,2.00%,1,93,63,1,9,0,41,0,0,0,0,0,0,0,0,0,0,0,0,0,0,208,-204
44,3/7/2019,1,4538,200,4,2.00%,2,94,52,0,5,0,42,0,0,0,0,0,0,0,0,0,0,0,0,0,0,,
45,3/7/2019,2,6134,200,6,3.00%,2,94,52,2,7,1,72,0,0,1,0,0,0,0,0,0,0,0,0,0,0,231,-225
46,3/7/2019,3,4997,200,5,2.50%,2,97,46,1,8,0,58,1,1,0,0,0,0,0,0,0,0,0,0,0,0,214,-209
47,3/7/2019,4,5404,200,0,0.00%,0,84,61,0,6,0,43,0,0,0,0,0,0,0,0,0,0,0,0,0,0,194,-194
48,3/7/2019,5,3844,200,2,1.00%,1,100,60,1,9,0,52,0,0,0,0,0,0,0,0,0,0,0,0,0,0,223,-221
49,3/7/2019,6,5018,200,6,3.00%,2,100,44,2,10,1,89,0,0,0,1,0,0,0,0,0,0,0,0,0,0,249,-243
50,3/8/2019,1,5578,200,7,3.50%,2,100,50,2,7,1,88,0,0,1,0,0,0,0,0,0,0,0,0,0,0,251,-244
51,3/8/2019,1,5578,200,7,3.50%,1,93,61,0,1,0,53,0,0,0,0,0,0,0,0,0,0,0,0,0,0,,
52,3/8/2019,2,6018,200,1,0.50%,1,94,62,0,6,0,44,0,0,0,0,0,0,0,0,0,0,0,0,0,0,207,-206
53,3/8/2019,3,4485,200,7,3.50%,2,90,53,2,8,1,75,0,0,0,0,0,0,0,0,0,0,0,0,0,0,231,-224
54,3/8/2019,3,4485,200,7,3.50%,2,99,46,0,5,0,47,0,0,0,0,0,0,0,0,0,0,0,0,0,0,,
55,3/8/2019,4,4332,200,1,0.50%,1,93,63,0,4,0,48,0,0,0,0,0,0,0,0,0,0,0,0,0,0,209,-208
56,3/8/2019,5,5807,200,0,0.00%,0,82,62,0,4,0,60,0,0,0,0,0,0,0,0,0,0,0,0,0,0,208,-208
57,3/8/2019,6,4251,200,4,2.00%,1,91,62,1,10,0,53,0,0,0,0,0,0,0,0,0,0,0,0,0,0,218,-214
58,3/8/2019,6,4251,200,4,2.00%,2,90,43,0,6,0,54,0,0,0,0,0,0,0,0,0,0,0,0,0,0,,
59,3/9/2019,1,5680,200,1,0.50%,1,97,64,0,4,0,54,0,0,0,0,0,0,0,0,0,0,0,0,0,0,220,-219
60,3/9/2019,2,4953,200,1,0.50%,1,96,62,0,3,0,59,0,0,0,0,0,0,0,0,0,0,0,0,0,0,221,-220
61,3/9/2019,3,4437,200,6,3.00%,2,94,47,2,8,1,90,0,0,0,1,0,0,0,0,0,0,0,0,0,0,245,-239
62,3/9/2019,4,5804,200,2,1.00%,1,92,63,1,7,0,40,0,0,0,0,0,0,0,0,0,0,0,0,0,0,204,-202
63,3/9/2019,5,4620,200,0,0.00%,0,81,64,0,2,0,43,0,0,0,0,0,0,0,0,0,0,0,0,0,0,190,-190
64,3/9/2019,6,5023,200,3,1.50%,1,96,60,1,9,0,52,0,1,0,0,0,0,0,0,0,0,0,0,0,0,220,-217
65,3/10/2019,1,4295,200,0,0.00%,0,82,62,0,6,0,52,0,0,0,0,0,0,0,0,0,0,0,0,0,0,202,-202
66,3/10/2019,2,5261,200,5,2.50%,2,99,49,1,10,1,79,1,0,0,0,0,0,0,0,0,0,0,0,0,0,242,-237
67,3/10/2019,3,4697,200,6,3.00%,2,98,46,2,8,1,88,0,1,0,0,0,0,0,0,0,0,0,0,0,0,246,-240
68,3/10/2019,4,5653,200,7,3.50%,1,93,61,2,8,1,72,0,0,1,0,0,0,0,0,0,0,0,0,0,0,239,-232
69,3/10/2019,4,5653,200,7,3.50%,2,90,46,0,3,0,50,0,0,0,0,0,0,0,0,0,0,0,0,0,0,,
70,3/10/2019,5,5624,200,4,2.00%,2,95,48,1,10,0,60,0,0,0,0,0,0,0,0,0,0,0,0,0,0,216,-212
71,3/10/2019,5,5624,200,4,2.00%,1,97,64,0,3,0,53,0,0,0,0,0,0,0,0,0,0,0,0,0,0,,
72,3/10/2019,6,4814,200,2,1.00%,1,90,61,1,9,0,48,0,0,0,0,0,0,0,0,0,0,0,0,0,0,210,-208
73,3/11/2019,1,4485,200,6,3.00%,2,93,47,2,8,1,88,0,1,0,0,0,0,0,0,0,0,0,0,0,0,242,-236
74,3/11/2019,2,3594,200,5,2.50%,2,96,53,1,8,0,53,1,0,1,0,0,0,0,0,0,0,0,0,0,0,215,-210
75,3/11/2019,3,4004,200,0,0.00%,0,80,61,0,4,0,52,0,0,0,0,0,0,0,0,0,0,0,0,0,0,197,-197
76,3/11/2019,4,5604,200,6,3.00%,2,98,48,2,10,1,75,0,0,1,0,0,0,0,0,0,0,0,0,0,0,237,-231
77,3/11/2019,5,6272,200,5,2.50%,2,96,51,1,10,0,55,0,0,0,1,1,0,0,0,0,0,0,0,0,0,217,-212
78,3/11/2019,6,4629,200,6,3.00%,2,98,46,2,7,1,82,0,0,0,0,0,1,0,0,0,0,0,0,0,0,239,-233
79,3/12/2019,1,5475,200,4,2.00%,1,92,62,1,10,0,54,0,0,0,0,0,0,0,0,0,0,0,0,0,0,220,-216
80,3/12/2019,1,5475,200,4,2.00%,2,90,43,0,5,0,50,0,0,0,0,0,0,0,0,0,0,0,0,0,0,,
81,3/12/2019,2,5260,200,1,0.50%,1,95,64,0,5,0,41,0,0,0,0,0,0,0,0,0,0,0,0,0,0,206,-205
82,3/12/2019,3,5524,200,7,3.50%,1,90,60,2,10,0,51,1,0,0,1,0,0,0,0,0,0,0,0,0,0,216,-209
83,3/12/2019,3,5524,200,7,3.50%,2,91,41,0,3,0,50,0,0,0,0,0,0,0,0,0,0,0,0,0,0,,
84,3/12/2019,4,4966,200,2,1.00%,1,94,63,1,8,0,40,0,0,0,0,0,0,0,0,0,0,0,0,0,0,207,-205
85,3/12/2019,5,3592,200,6,3.00%,2,93,55,2,8,1,85,0,0,0,1,0,0,0,0,0,0,0,0,0,0,247,-241
86,3/12/2019,6,5113,200,6,3.00%,2,94,46,2,8,1,89,0,0,1,0,0,0,0,0,0,0,0,0,0,0,243,-237
87,3/13/2019,1,3892,200,1,0.50%,1,90,63,0,5,0,43,0,0,0,0,0,0,0,0,0,0,0,0,0,0,202,-201
88,3/13/2019,2,5700,200,6,3.00%,2,93,50,2,10,1,85,1,0,0,0,0,0,0,0,0,0,0,0,0,0,244,-238
89,3/13/2019,3,5273,200,2,1.00%,1,93,63,1,7,0,41,0,0,0,0,0,0,0,0,0,0,0,0,0,0,206,-204
90,3/13/2019,4,3840,200,3,1.50%,1,97,61,1,7,0,48,0,0,0,1,0,0,0,0,0,0,0,0,0,0,216,-213
91,3/13/2019,5,4167,200,1,0.50%,1,98,62,0,2,0,54,0,0,0,0,0,0,0,0,0,0,0,0,0,0,217,-216
92,3/13/2019,6,5838,200,3,1.50%,1,99,63,1,8,0,46,0,0,1,0,0,0,0,0,0,0,0,0,0,0,219,-216
93,3/14/2019,1,5225,200,6,3.00%,2,90,55,2,9,1,87,1,0,0,0,0,0,0,0,0,0,0,0,0,0,247,-241
94,3/14/2019,2,5329,200,2,1.00%,1,91,62,1,9,0,48,0,0,0,0,0,0,0,0,0,0,0,0,0,0,212,-210
95,3/14/2019,3,4299,200,2,1.00%,1,91,65,1,8,0,41,0,0,0,0,0,0,0,0,0,0,0,0,0,0,207,-205
96,3/14/2019,4,4917,200,1,0.50%,1,91,61,0,1,0,49,0,0,0,0,0,0,0,0,0,0,0,0,0,0,203,-202
97,3/14/2019,5,5245,200,1,0.50%,1,96,63,0,1,0,47,0,0,0,0,0,0,0,0,0,0,0,0,0,0,208,-207
98,3/14/2019,6,5376,200,2,1.00%,1,90,60,1,8,0,44,0,0,0,0,0,0,0,0,0,0,0,0,0,0,204,-202
99,3/15/2019,1,5558,200,2,1.00%,1,92,65,1,9,0,41,0,0,0,0,0,0,0,0,0,0,0,0,0,0,209,-207
100,3/15/2019,2,4190,200,6,3.00%,2,93,53,2,8,1,86,0,0,1,0,0,0,0,0,0,0,0,0,0,0,246,-240
101,3/15/2019,3,5192,200,3,1.50%,1,95,60,1,7,0,51,0,0,0,1,0,0,0,0,0,0,0,0,0,0,216,-213
102,3/15/2019,4,4838,200,7,3.50%,1,91,60,2,9,1,87,0,1,0,0,0,0,0,0,0,0,0,0,0,0,252,-245
103,3/15/2019,4,4838,200,7,3.50%,2,98,53,0,6,0,60,0,0,0,0,0,0,0,0,0,0,0,0,0,0,,
104,3/15/2019,5,4946,200,6,3.00%,2,91,45,2,7,1,72,1,0,0,0,0,0,0,0,0,0,0,0,0,0,221,-215
105,3/15/2019,6,5251,200,0,0.00%,0,80,63,0,5,0,47,0,0,0,0,0,0,0,0,0,0,0,0,0,0,195,-195
106,3/16/2019,1,6119,200,3,1.50%,1,96,60,1,8,0,57,0,0,0,1,0,0,0,0,0,0,0,0,0,0,224,-221
107,3/16/2019,2,4761,200,2,1.00%,1,91,62,1,7,0,52,0,0,0,0,0,0,0,0,0,0,0,0,0,0,214,-212
108,3/16/2019,3,6159,200,0,0.00%,0,83,60,0,6,0,50,0,0,0,0,0,0,0,0,0,0,0,0,0,0,199,-199
109,3/16/2019,4,3795,200,3,1.50%,1,94,64,1,8,0,42,1,0,0,0,0,0,0,0,0,0,0,0,0,0,211,-208
110,3/16/2019,5,4302,200,6,3.00%,2,91,51,2,9,1,78,1,0,0,0,0,0,0,0,0,0,0,0,0,0,235,-229
111,3/16/2019,6,5553,200,5,2.50%,2,100,46,1,9,0,60,0,1,1,0,0,0,0,0,0,0,0,0,0,0,220,-215
112,3/17/2019,1,5806,200,7,3.50%,1,94,63,2,8,1,74,0,0,0,1,0,0,0,0,0,0,0,0,0,0,244,-237
113,3/17/2019,1,5806,200,7,3.50%,2,97,46,0,3,0,54,0,0,0,0,0,0,0,0,0,0,0,0,0,0,,
114,3/17/2019,2,5607,200,1,0.50%,1,95,64,0,4,0,52,0,0,0,0,0,0,0,0,0,0,0,0,0,0,216,-215
115,3/17/2019,3,5000,200,1,0.50%,1,93,60,0,1,0,59,0,0,0,0,0,0,0,0,0,0,0,0,0,0,214,-213
116,3/17/2019,4,5114,200,4,2.00%,2,100,42,1,8,0,52,0,0,0,0,0,0,0,0,0,0,0,0,0,0,205,-201
117,3/17/2019,4,5114,200,4,2.00%,1,96,61,0,3,0,52,0,0,0,0,0,0,0,0,0,0,0,0,0,0,,
118,3/17/2019,5,4145,200,0,0.00%,0,81,63,0,2,0,50,0,0,0,0,0,0,0,0,0,0,0,0,0,0,196,-196
119,3/17/2019,6,4655,200,5,2.50%,2,95,41,1,8,0,57,0,1,1,0,0,0,0,0,0,0,0,0,0,0,206,-201
120,3/18/2019,1,3983,200,4,2.00%,1,97,61,1,9,0,46,0,0,0,0,0,0,0,0,0,0,0,0,0,0,215,-211
121,3/18/2019,1,3983,200,4,2.00%,2,91,52,0,3,0,43,0,0,0,0,0,0,0,0,0,0,0,0,0,0,,
122,3/18/2019,2,5073,200,5,2.50%,2,95,48,1,10,0,51,0,0,0,0,1,1,0,0,0,0,0,0,0,0,209,-204
123,3/18/2019,3,5020,200,1,0.50%,1,99,62,0,6,0,47,0,0,0,0,0,0,0,0,0,0,0,0,0,0,215,-214
124,3/18/2019,4,5091,200,1,0.50%,1,99,64,0,5,0,49,0,0,0,0,0,0,0,0,0,0,0,0,0,0,218,-217
125,3/18/2019,5,4584,200,5,2.50%,2,92,48,1,8,0,57,0,1,1,0,0,0,0,0,0,0,0,0,0,0,210,-205
126,3/18/2019,6,5085,200,7,3.50%,1,94,63,2,10,1,90,1,0,0,0,0,0,0,0,0,0,0,0,0,0,262,-255
127,3/18/2019,6,5085,200,7,3.50%,2,94,47,0,5,0,59,0,0,0,0,0,0,0,0,0,0,0,0,0,0,,
128,3/19/2019,1,5874,200,0,0.00%,0,80,62,0,4,0,41,0,0,0,0,0,0,0,0,0,0,0,0,0,0,187,-187
129,3/19/2019,2,5886,200,7,3.50%,2,92,40,2,10,1,84,0,0,1,0,0,0,0,0,0,0,0,0,0,0,232,-225
130,3/19/2019,2,5886,200,7,3.50%,1,94,61,0,4,0,50,0,0,0,0,0,0,0,0,0,0,0,0,0,0,,
131,3/19/2019,3,3728,200,2,1.00%,1,93,65,1,10,0,50,0,0,0,0,0,0,0,0,0,0,0,0,0,0,220,-218
132,3/19/2019,4,3946,200,3,1.50%,1,96,61,1,9,0,45,0,0,0,0,1,0,0,0,0,0,0,0,0,0,214,-211
133,3/19/2019,5,4296,200,6,3.00%,2,96,44,2,8,1,80,0,0,0,1,0,0,0,0,0,0,0,0,0,0,234,-228
134,3/19/2019,6,5842,200,1,0.50%,1,94,62,0,3,0,41,0,0,0,0,0,0,0,0,0,0,0,0,0,0,201,-200
135,3/20/2019,1,3648,200,1,0.50%,1,93,63,0,2,0,45,0,0,0,0,0,0,0,0,0,0,0,0,0,0,204,-203
136,3/20/2019,2,5797,200,7,3.50%,1,97,60,2,8,1,83,1,0,0,0,0,0,0,0,0,0,0,0,0,0,253,-246
137,3/20/2019,2,5797,200,7,3.50%,2,95,52,0,1,0,53,0,0,0,0,0,0,0,0,0,0,0,0,0,0,,
138,3/20/2019,3,5678,200,0,0.00%,0,85,65,0,2,0,52,0,0,0,0,0,0,0,0,0,0,0,0,0,0,204,-204
139,3/20/2019,4,5679,200,1,0.50%,1,95,61,0,1,0,49,0,0,0,0,0,0,0,0,0,0,0,0,0,0,207,-206
140,3/20/2019,5,4844,200,0,0.00%,0,82,63,0,6,0,55,0,0,0,0,0,0,0,0,0,0,0,0,0,0,206,-206
141,3/20/2019,6,5431,200,0,0.00%,0,80,61,0,1,0,44,0,0,0,0,0,0,0,0,0,0,0,0,0,0,186,-186
142,3/21/2019,1,5978,200,1,0.50%,1,91,64,0,2,0,53,0,0,0,0,0,0,0,0,0,0,0,0,0,0,211,-210
143,3/21/2019,2,5553,200,6,3.00%,2,99,53,2,8,1,73,1,0,0,0,0,0,0,0,0,0,0,0,0,0,239,-233
144,3/21/2019,3,4609,200,3,1.50%,1,90,60,1,10,0,52,1,0,0,0,0,0,0,0,0,0,0,0,0,0,215,-212
145,3/21/2019,4,4541,200,0,0.00%,0,84,63,0,1,0,42,0,0,0,0,0,0,0,0,0,0,0,0,0,0,190,-190
146,3/21/2019,5,5729,200,0,0.00%,0,84,61,0,5,0,59,0,0,0,0,0,0,0,0,0,0,0,0,0,0,209,-209
147,3/21/2019,6,4626,200,5,2.50%,2,96,51,1,7,0,46,0,1,1,0,0,0,0,0,0,0,0,0,0,0,205,-200
148,3/22/2019,1,4979,200,7,3.50%,1,90,65,2,7,1,84,1,0,0,0,0,0,0,0,0,0,0,0,0,0,251,-244
149,3/22/2019,1,4979,200,7,3.50%,2,98,54,0,6,0,60,0,0,0,0,0,0,0,0,0,0,0,0,0,0,,
150,3/22/2019,2,4636,200,6,3.00%,2,95,54,2,9,1,90,0,0,1,0,0,0,0,0,0,0,0,0,0,0,254,-248
151,3/22/2019,3,5534,200,7,3.50%,1,94,60,2,9,1,87,0,0,0,1,0,0,0,0,0,0,0,0,0,0,255,-248
152,3/22/2019,3,5534,200,7,3.50%,2,99,50,0,6,0,42,0,0,0,0,0,0,0,0,0,0,0,0,0,0,,
153,3/22/2019,4,5493,200,1,0.50%,1,91,64,0,3,0,48,0,0,0,0,0,0,0,0,0,0,0,0,0,0,207,-206
154,3/22/2019,5,5189,200,4,2.00%,2,91,52,1,8,0,41,0,0,0,0,0,0,0,0,0,0,0,0,0,0,195,-191
155,3/22/2019,5,5189,200,4,2.00%,1,92,60,0,5,0,45,0,0,0,0,0,0,0,0,0,0,0,0,0,0,,
156,3/22/2019,6,3820,200,2,1.00%,1,91,63,1,7,0,47,0,0,0,0,0,0,0,0,0,0,0,0,0,0,210,-208
157,3/23/2019,1,4996,200,3,1.50%,1,97,65,1,10,0,52,0,0,0,0,1,0,0,0,0,0,0,0,0,0,227,-224
158,3/23/2019,2,4911,200,0,0.00%,0,80,61,0,5,0,50,0,0,0,0,0,0,0,0,0,0,0,0,0,0,196,-196
159,3/23/2019,3,4576,200,1,0.50%,1,93,63,0,5,0,43,0,0,0,0,0,0,0,0,0,0,0,0,0,0,205,-204
160,3/23/2019,4,4720,200,7,3.50%,2,96,51,2,9,1,87,0,0,0,0,0,0,0,0,0,0,0,0,0,0,248,-241
161,3/23/2019,4,4720,200,7,3.50%,2,93,53,0,5,0,52,0,0,0,0,0,0,0,0,0,0,0,0,0,0,,
162,3/23/2019,5,5073,200,0,0.00%,0,82,64,0,6,0,51,0,0,0,0,0,0,0,0,0,0,0,0,0,0,203,-203
163,3/23/2019,6,4966,200,5,2.50%,2,92,41,1,9,0,52,0,0,1,1,0,0,0,0,0,0,0,0,0,0,199,-194
164,3/24/2019,1,4605,200,4,2.00%,2,95,47,1,10,0,40,0,0,0,0,0,0,0,0,0,0,0,0,0,0,195,-191
165,3/24/2019,1,4605,200,4,2.00%,1,90,61,0,5,0,55,0,0,0,0,0,0,0,0,0,0,0,0,0,0,,
166,3/24/2019,2,4390,200,6,3.00%,2,92,43,2,7,1,73,0,0,0,0,1,0,0,0,0,0,0,0,0,0,221,-215
167,3/24/2019,3,4899,200,0,0.00%,0,83,65,0,1,0,48,0,0,0,0,0,0,0,0,0,0,0,0,0,0,197,-197
168,3/24/2019,4,3873,200,3,1.50%,1,96,63,1,9,0,47,1,0,0,0,0,0,0,0,0,0,0,0,0,0,218,-215
169,3/24/2019,5,5319,200,6,3.00%,2,99,48,2,9,1,79,0,1,0,0,0,0,0,0,0,0,0,0,0,0,241,-235
170,3/24/2019,6,5195,200,1,0.50%,1,94,62,0,4,0,57,0,0,0,0,0,0,0,0,0,0,0,0,0,0,218,-217
171,3/25/2019,1,3960,200,1,0.50%,1,100,60,0,4,0,54,0,0,0,0,0,0,0,0,0,0,0,0,0,0,219,-218
172,3/25/2019,2,3920,200,0,0.00%,0,83,65,0,4,0,51,0,0,0,0,0,0,0,0,0,0,0,0,0,0,203,-203
173,3/25/2019,3,4925,200,6,3.00%,2,97,44,2,10,1,86,0,1,0,0,0,0,0,0,0,0,0,0,0,0,243,-237
174,3/25/2019,4,4697,200,5,2.50%,2,95,47,1,7,0,41,0,0,0,1,1,0,0,0,0,0,0,0,0,0,195,-190
175,3/25/2019,5,3981,200,5,2.50%,2,97,53,1,10,0,50,0,0,0,0,0,1,1,0,0,0,0,0,0,0,215,-210
176,3/25/2019,6,5963,200,7,3.50%,1,99,63,2,9,1,90,0,0,0,0,1,0,0,0,0,0,0,0,0,0,266,-259
177,3/25/2019,6,5963,200,7,3.50%,2,96,50,0,6,0,54,0,0,0,0,0,0,0,0,0,0,0,0,0,0,,
178,3/26/2019,1,6072,200,1,0.50%,1,97,60,0,6,0,42,0,0,0,0,0,0,0,0,0,0,0,0,0,0,206,-205
179,3/26/2019,2,4623,200,0,0.00%,0,82,64,0,6,0,56,0,0,0,0,0,0,0,0,0,0,0,0,0,0,208,-208
180,3/26/2019,3,3695,200,1,0.50%,1,99,62,0,3,0,57,0,0,0,0,0,0,0,0,0,0,0,0,0,0,222,-221
181,3/26/2019,4,5217,200,7,3.50%,1,99,65,2,7,0,44,0,1,1,0,0,0,0,0,0,0,0,0,0,0,220,-213
182,3/26/2019,4,5217,200,7,3.50%,2,94,42,0,3,0,49,0,0,0,0,0,0,0,0,0,0,0,0,0,0,,
183,3/26/2019,5,4957,200,1,0.50%,1,92,64,0,4,0,51,0,0,0,0,0,0,0,0,0,0,0,0,0,0,212,-211
184,3/26/2019,6,4841,200,1,0.50%,1,97,63,0,5,0,52,0,0,0,0,0,0,0,0,0,0,0,0,0,0,218,-217
185,3/27/2019,1,4957,200,1,0.50%,1,93,61,0,5,0,49,0,0,0,0,0,0,0,0,0,0,0,0,0,0,209,-208
186,3/27/2019,2,4631,200,1,0.50%,1,100,64,0,5,0,44,0,0,0,0,0,0,0,0,0,0,0,0,0,0,214,-213
187,3/27/2019,3,4418,200,6,3.00%,2,93,55,2,9,1,82,1,0,0,0,0,0,0,0,0,0,0,0,0,0,245,-239
188,3/27/2019,4,4915,200,2,1.00%,1,97,63,1,8,0,47,0,0,0,0,0,0,0,0,0,0,0,0,0,0,217,-215
189,3/27/2019,5,3989,200,2,1.00%,1,97,60,1,7,0,43,0,0,0,0,0,0,0,0,0,0,0,0,0,0,209,-207
190,3/27/2019,6,3657,200,1,0.50%,1,95,61,0,3,0,40,0,0,0,0,0,0,0,0,0,0,0,0,0,0,200,-199
191,3/28/2019,1,4590,200,3,1.50%,1,94,60,1,8,0,48,0,0,0,1,0,0,0,0,0,0,0,0,0,0,213,-210
192,3/28/2019,2,5528,200,7,3.50%,1,99,61,2,8,1,75,0,1,0,0,0,0,0,0,0,0,0,0,0,0,248,-241
193,3/28/2019,2,5528,200,7,3.50%,2,96,49,0,6,0,42,0,0,0,0,0,0,0,0,0,0,0,0,0,0,,
194,3/28/2019,3,5227,200,5,2.50%,2,93,40,1,8,0,54,1,0,1,0,0,0,0,0,0,0,0,0,0,0,200,-195
195,3/28/2019,4,3741,200,5,2.50%,2,91,49,1,7,0,55,0,1,0,1,0,0,0,0,0,0,0,0,0,0,207,-202
196,3/28/2019,5,5779,200,1,0.50%,1,91,63,0,1,0,46,0,0,0,0,0,0,0,0,0,0,0,0,0,0,202,-201
197,3/28/2019,6,4529,200,0,0.00%,0,84,65,0,5,0,46,0,0,0,0,0,0,0,0,0,0,0,0,0,0,200,-200
198,3/29/2019,1,4634,200,5,2.50%,2,92,55,1,7,0,58,0,1,1,0,0,0,0,0,0,0,0,0,0,0,217,-212
199,3/29/2019,2,4358,200,2,1.00%,1,99,61,1,9,0,44,0,0,0,0,0,0,0,0,0,0,0,0,0,0,215,-213
200,3/29/2019,3,5510,200,6,3.00%,2,90,55,2,8,1,74,1,0,0,0,0,0,0,0,0,0,0,0,0,0,233,-227
201,3/29/2019,4,3890,200,6,3.00%,2,92,54,2,9,1,82,0,1,0,0,0,0,0,0,0,0,0,0,0,0,243,-237
202,3/29/2019,5,4215,200,6,3.00%,2,93,55,2,10,1,81,0,0,1,0,0,0,0,0,0,0,0,0,0,0,245,-239
203,3/29/2019,6,5947,200,5,2.50%,2,99,46,1,10,0,44,0,0,0,1,1,0,0,0,0,0,0,0,0,0,204,-199
204,3/30/2019,1,4354,200,6,3.00%,2,94,49,2,10,1,90,0,0,0,0,0,1,0,0,0,0,0,0,0,0,249,-243
205,3/30/2019,2,3690,200,4,2.00%,1,93,62,1,10,0,52,0,0,0,0,0,0,0,0,0,0,0,0,0,0,219,-215
206,3/30/2019,2,3690,200,4,2.00%,2,100,46,0,6,0,56,0,0,0,0,0,0,0,0,0,0,0,0,0,0,,
207,3/30/2019,3,5448,200,0,0.00%,0,81,61,0,5,0,49,0,0,0,0,0,0,0,0,0,0,0,0,0,0,196,-196
208,3/30/2019,4,3589,200,3,1.50%,1,93,61,1,7,0,52,0,1,0,0,0,0,0,0,0,0,0,0,0,0,216,-213
209,3/30/2019,5,5276,200,4,2.00%,1,90,64,1,7,0,58,0,0,0,0,0,0,0,0,0,0,0,0,0,0,221,-217
210,3/30/2019,5,5276,200,4,2.00%,2,97,49,0,1,0,45,0,0,0,0,0,0,0,0,0,0,0,0,0,0,,
211,3/30/2019,6,4314,200,1,0.50%,1,92,65,0,1,0,41,0,0,0,0,0,0,0,0,0,0,0,0,0,0,200,-199
212,3/31/2019,1,5016,200,2,1.00%,1,92,63,1,9,0,57,0,0,0,0,0,0,0,0,0,0,0,0,0,0,223,-221
213,3/31/2019,2,3918,200,3,1.50%,1,90,64,1,8,0,47,0,0,0,1,0,0,0,0,0,0,0,0,0,0,212,-209
214,3/31/2019,3,6087,200,6,3.00%,2,98,48,2,10,1,83,0,0,1,0,0,0,0,0,0,0,0,0,0,0,245,-239
215,3/31/2019,4,4380,200,7,3.50%,1,91,64,2,8,1,77,0,1,0,0,0,0,0,0,0,0,0,0,0,0,245,-238
216,3/31/2019,4,4380,200,7,3.50%,2,94,47,0,2,0,42,0,0,0,0,0,0,0,0,0,0,0,0,0,0,,
217,3/31/2019,5,6113,200,0,0.00%,0,85,61,0,4,0,48,0,0,0,0,0,0,0,0,0,0,0,0,0,0,198,-198
218,3/31/2019,6,4298,200,2,1.00%,1,90,61,1,10,0,44,0,0,0,0,0,0,0,0,0,0,0,0,0,0,207,-205
219,4/1/2019,1,5993,200,3,1.50%,1,95,63,1,10,0,54,0,0,1,0,0,0,0,0,0,0,0,0,0,0,225,-222
220,4/1/2019,2,3658,200,5,2.50%,2,94,46,1,10,0,60,0,0,0,1,1,0,0,0,0,0,0,0,0,0,215,-210
221,4/1/2019,3,4457,200,7,3.50%,1,97,63,2,9,1,87,0,1,0,0,0,0,0,0,0,0,0,0,0,0,261,-254
222,4/1/2019,3,4457,200,7,3.50%,2,99,41,0,1,0,56,0,0,0,0,0,0,0,0,0,0,0,0,0,0,,
223,4/1/2019,4,3644,200,0,0.00%,0,82,61,0,2,0,48,0,0,0,0,0,0,0,0,0,0,0,0,0,0,193,-193
224,4/1/2019,5,3867,200,7,3.50%,2,93,44,2,8,1,85,1,0,0,0,0,0,0,0,0,0,0,0,0,0,236,-229
225,4/1/2019,5,3867,200,7,3.50%,1,98,61,0,5,0,44,0,0,0,0,0,0,0,0,0,0,0,0,0,0,,
226,4/1/2019,6,4277,200,7,3.50%,1,95,64,2,8,1,75,0,1,0,0,0,0,0,0,0,0,0,0,0,0,247,-240
227,4/1/2019,6,4277,200,7,3.50%,2,95,49,0,1,0,40,0,0,0,0,0,0,0,0,0,0,0,0,0,0,,
228,4/2/2019,1,5771,200,2,1.00%,1,100,65,1,9,0,44,0,0,0,0,0,0,0,0,0,0,0,0,0,0,220,-218
229,4/2/2019,2,4763,200,4,2.00%,1,92,60,1,7,0,40,0,0,0,0,0,0,0,0,0,0,0,0,0,0,201,-197
230,4/2/2019,2,4763,200,4,2.00%,2,98,53,0,4,0,52,0,0,0,0,0,0,0,0,0,0,0,0,0,0,,
231,4/2/2019,3,5421,200,5,2.50%,2,90,48,1,7,0,49,1,0,0,0,1,0,0,0,0,0,0,0,0,0,199,-194
232,4/2/2019,4,3986,200,7,3.50%,1,100,65,2,7,0,47,0,1,0,1,0,0,0,0,0,0,0,0,0,0,224,-217
233,4/2/2019,4,3986,200,7,3.50%,2,100,46,0,2,0,56,0,0,0,0,0,0,0,0,0,0,0,0,0,0,,
234,4/2/2019,5,3867,200,6,3.00%,2,96,40,2,10,1,71,1,0,0,0,0,0,0,0,0,0,0,0,0,0,223,-217
235,4/2/2019,6,4401,200,5,2.50%,2,93,44,1,7,0,42,0,1,1,0,0,0,0,0,0,0,0,0,0,0,191,-186
236,4/3/2019,1,3588,200,0,0.00%,0,82,65,0,4,0,48,0,0,0,0,0,0,0,0,0,0,0,0,0,0,199,-199
237,4/3/2019,2,4017,200,7,3.50%,1,95,64,2,9,1,71,0,1,0,0,0,0,0,0,0,0,0,0,0,0,244,-237
238,4/3/2019,2,4017,200,7,3.50%,2,93,43,0,1,0,60,0,0,0,0,0,0,0,0,0,0,0,0,0,0,,
239,4/3/2019,3,4083,200,4,2.00%,1,100,60,1,9,0,45,0,0,0,0,0,0,0,0,0,0,0,0,0,0,216,-212
240,4/3/2019,3,4083,200,4,2.00%,2,97,54,0,1,0,57,0,0,0,0,0,0,0,0,0,0,0,0,0,0,,
241,4/3/2019,4,5712,200,6,3.00%,2,90,55,2,9,1,73,0,0,0,1,0,0,0,0,0,0,0,0,0,0,233,-227
242,4/3/2019,5,4223,200,6,3.00%,2,100,50,2,9,1,79,0,0,0,0,1,0,0,0,0,0,0,0,0,0,244,-238
243,4/3/2019,6,4064,200,3,1.50%,1,92,63,1,10,0,54,0,0,1,0,0,0,0,0,0,0,0,0,0,0,222,-219
244,4/4/2019,1,4683,200,0,0.00%,0,83,61,0,2,0,42,0,0,0,0,0,0,0,0,0,0,0,0,0,0,188,-188
245,4/4/2019,2,3846,200,1,0.50%,1,92,62,0,3,0,52,0,0,0,0,0,0,0,0,0,0,0,0,0,0,210,-209
246,4/4/2019,3,4123,200,0,0.00%,0,84,61,0,4,0,52,0,0,0,0,0,0,0,0,0,0,0,0,0,0,201,-201
247,4/4/2019,4,5598,200,6,3.00%,2,94,51,2,10,1,77,1,0,0,0,0,0,0,0,0,0,0,0,0,0,238,-232
248,4/4/2019,5,4922,200,0,0.00%,0,85,64,0,2,0,45,0,0,0,0,0,0,0,0,0,0,0,0,0,0,196,-196
249,4/4/2019,6,5190,200,1,0.50%,1,90,60,0,4,0,60,0,0,0,0,0,0,0,0,0,0,0,0,0,0,215,-214
250,4/5/2019,1,4579,200,0,0.00%,0,84,65,0,3,0,54,0,0,0,0,0,0,0,0,0,0,0,0,0,0,206,-206
251,4/5/2019,2,6056,200,1,0.50%,1,99,62,0,4,0,58,0,0,0,0,0,0,0,0,0,0,0,0,0,0,224,-223
252,4/5/2019,3,4738,200,1,0.50%,1,100,63,0,6,0,59,0,0,0,0,0,0,0,0,0,0,0,0,0,0,229,-228
253,4/5/2019,4,4915,200,3,1.50%,1,94,61,1,9,0,60,0,1,0,0,0,0,0,0,0,0,0,0,0,0,227,-224
254,4/5/2019,5,5824,200,3,1.50%,1,94,60,1,7,0,60,1,0,0,0,0,0,0,0,0,0,0,0,0,0,224,-221
255,4/5/2019,6,4655,200,7,3.50%,2,91,52,2,8,1,74,0,0,0,0,0,0,0,0,0,0,0,0,0,0,230,-223
256,4/5/2019,6,4655,200,7,3.50%,2,98,47,0,1,0,48,0,0,0,0,0,0,0,0,0,0,0,0,0,0,,
257,4/6/2019,1,6210,200,0,0.00%,0,81,63,0,1,0,49,0,0,0,0,0,0,0,0,0,0,0,0,0,0,194,-194
258,4/6/2019,2,4811,200,7,3.50%,1,95,60,2,10,1,90,0,1,0,0,0,0,0,0,0,0,0,0,0,0,260,-253
259,4/6/2019,2,4811,200,7,3.50%,2,99,43,0,5,0,54,0,0,0,0,0,0,0,0,0,0,0,0,0,0,,
260,4/6/2019,3,4633,200,5,2.50%,2,93,53,1,8,1,87,1,0,0,0,0,0,0,0,0,0,0,0,0,0,246,-241
261,4/6/2019,4,4597,200,3,1.50%,1,90,61,1,9,0,41,0,0,1,0,0,0,0,0,0,0,0,0,0,0,204,-201
262,4/6/2019,5,3919,200,3,1.50%,1,96,62,1,8,0,52,0,0,0,1,0,0,0,0,0,0,0,0,0,0,221,-218
263,4/6/2019,6,5235,200,6,3.00%,2,90,54,2,9,1,74,1,0,0,0,0,0,0,0,0,0,0,0,0,0,233,-227
264,4/7/2019,1,3926,200,4,2.00%,1,98,50,1,9,0,53,0,0,0,0,0,0,0,0,0,0,0,0,0,0,214,-210
265,4/7/2019,2,5015,200,1,0.50%,1,94,60,0,4,0,54,0,0,0,0,0,0,0,0,0,0,0,0,0,0,213,-212
266,4/7/2019,3,4186,200,7,3.50%,2,99,41,2,7,0,51,1,1,0,0,0,0,0,0,0,0,0,0,0,0,204,-197
267,4/7/2019,3,4186,200,7,3.50%,1,92,64,0,1,0,48,0,0,0,0,0,0,0,0,0,0,0,0,0,0,,
268,4/7/2019,4,4389,200,6,3.00%,2,99,44,2,8,1,87,0,0,1,0,0,0,0,0,0,0,0,0,0,0,244,-238
269,4/7/2019,5,4423,200,2,1.00%,1,90,61,1,10,0,54,0,0,0,0,0,0,0,0,0,0,0,0,0,0,217,-215
270,4/7/2019,6,3761,200,1,0.50%,1,90,62,0,6,0,60,0,0,0,0,0,0,0,0,0,0,0,0,0,0,219,-218
271,4/8/2019,1,4680,200,7,3.50%,1,92,60,2,7,1,81,0,0,1,0,0,0,0,0,0,0,0,0,0,0,245,-238
272,4/8/2019,1,4680,200,7,3.50%,2,94,43,0,5,0,58,0,0,0,0,0,0,0,0,0,0,0,0,0,0,,
273,4/8/2019,2,4189,200,2,1.00%,1,92,61,1,9,0,53,0,0,0,0,0,0,0,0,0,0,0,0,0,0,217,-215
274,4/8/2019,3,5639,200,2,1.00%,1,97,63,1,8,0,48,0,0,0,0,0,0,0,0,0,0,0,0,0,0,218,-216
275,4/8/2019,4,5072,200,0,0.00%,0,83,65,0,1,0,43,0,0,0,0,0,0,0,0,0,0,0,0,0,0,192,-192
276,4/8/2019,5,4258,200,7,3.50%,1,91,60,2,7,1,77,0,1,0,0,0,0,0,0,0,0,0,0,0,0,240,-233
277,4/8/2019,5,4258,200,7,3.50%,2,97,50,0,2,0,41,0,0,0,0,0,0,0,0,0,0,0,0,0,0,,
278,4/8/2019,6,4165,200,0,0.00%,0,81,60,0,5,0,42,0,0,0,0,0,0,0,0,0,0,0,0,0,0,188,-188
279,4/9/2019,1,4046,200,3,1.50%,1,90,63,1,8,0,57,1,0,0,0,0,0,0,0,0,0,0,0,0,0,221,-218
280,4/9/2019,2,5529,200,6,3.00%,2,96,41,2,10,1,89,0,1,0,0,0,0,0,0,0,0,0,0,0,0,242,-236
281,4/9/2019,3,6064,200,5,2.50%,2,93,46,1,8,0,41,0,0,1,1,0,0,0,0,0,0,0,0,0,0,193,-188
282,4/9/2019,4,4710,200,7,3.50%,1,94,64,2,10,1,82,0,0,0,0,1,0,0,0,0,0,0,0,0,0,255,-248
283,4/9/2019,4,4710,200,7,3.50%,2,97,40,0,5,0,42,0,0,0,0,0,0,0,0,0,0,0,0,0,0,,
284,4/9/2019,5,5268,200,5,2.50%,2,93,41,1,9,0,49,0,0,0,0,0,1,1,0,0,0,0,0,0,0,197,-192
285,4/9/2019,6,3918,200,2,1.00%,1,92,63,1,8,0,59,0,0,0,0,0,0,0,0,0,0,0,0,0,0,224,-222
286,4/10/2019,1,6230,200,3,1.50%,1,95,60,1,8,0,50,0,0,0,1,0,0,0,0,0,0,0,0,0,0,216,-213
287,4/10/2019,2,6246,200,4,2.00%,1,97,63,1,10,0,52,0,0,0,0,0,0,0,0,0,0,0,0,0,0,224,-220
288,4/10/2019,2,6246,200,4,2.00%,2,100,44,0,6,0,48,0,0,0,0,0,0,0,0,0,0,0,0,0,0,,
289,4/10/2019,3,5170,200,1,0.50%,1,95,63,0,6,0,44,0,0,0,0,0,0,0,0,0,0,0,0,0,0,209,-208
290,4/10/2019,4,5842,200,1,0.50%,1,93,62,0,2,0,46,0,0,0,0,0,0,0,0,0,0,0,0,0,0,204,-203
291,4/10/2019,5,3884,200,5,2.50%,2,95,47,1,9,0,40,0,0,0,0,0,1,1,0,0,0,0,0,0,0,196,-191
292,4/10/2019,6,4302,200,2,1.00%,1,93,62,1,8,0,57,0,0,0,0,0,0,0,0,0,0,0,0,0,0,222,-220
293,4/11/2019,1,4273,200,6,3.00%,2,96,46,2,9,1,80,0,0,0,0,1,0,0,0,0,0,0,0,0,0,237,-231
294,4/11/2019,2,4120,200,3,1.50%,1,100,65,1,10,0,54,0,0,0,1,0,0,0,0,0,0,0,0,0,0,232,-229
295,4/11/2019,3,3628,200,4,2.00%,1,93,61,1,7,0,52,0,0,0,0,0,0,0,0,0,0,0,0,0,0,215,-211
296,4/11/2019,3,3628,200,4,2.00%,2,100,44,0,5,0,57,0,0,0,0,0,0,0,0,0,0,0,0,0,0,,
297,4/11/2019,4,3688,200,2,1.00%,1,94,60,1,8,0,42,0,0,0,0,0,0,0,0,0,0,0,0,0,0,206,-204
298,4/11/2019,5,5882,200,0,0.00%,0,80,63,0,2,0,42,0,0,0,0,0,0,0,0,0,0,0,0,0,0,187,-187
299,4/11/2019,6,4634,200,5,2.50%,2,92,48,1,10,0,51,1,1,0,0,0,0,0,0,0,0,0,0,0,0,206,-201
300,4/12/2019,1,5296,200,5,2.50%,2,96,49,1,8,1,87,1,0,0,0,0,0,0,0,0,0,0,0,0,0,245,-240
301,4/12/2019,2,5040,200,4,2.00%,2,92,54,1,8,0,41,0,0,0,0,0,0,0,0,0,0,0,0,0,0,198,-194
302,4/12/2019,2,5040,200,4,2.00%,1,97,64,0,5,0,50,0,0,0,0,0,0,0,0,0,0,0,0,0,0,,
303,4/12/2019,3,4422,200,1,0.50%,1,91,64,0,2,0,55,0,0,0,0,0,0,0,0,0,0,0,0,0,0,213,-212
304,4/12/2019,4,6275,200,2,1.00%,1,95,64,1,10,0,52,0,0,0,0,0,0,0,0,0,0,0,0,0,0,223,-221
305,4/12/2019,5,6136,200,6,3.00%,2,94,55,2,9,1,71,1,0,0,0,0,0,0,0,0,0,0,0,0,0,235,-229
306,4/12/2019,6,4268,200,7,3.50%,2,95,55,2,7,1,82,0,1,0,0,0,0,0,0,0,0,0,0,0,0,246,-239
307,4/13/2019,1,3687,200,6,3.00%,2,90,42,2,10,1,90,0,0,1,0,0,0,0,0,0,0,0,0,0,0,238,-232
308,4/13/2019,2,5425,200,3,1.50%,1,91,63,1,9,0,52,0,1,0,0,0,0,0,0,0,0,0,0,0,0,218,-215
309,4/13/2019,3,5829,200,1,0.50%,1,93,60,0,5,0,47,0,0,0,0,0,0,0,0,0,0,0,0,0,0,206,-205
310,4/13/2019,4,5500,200,1,0.50%,1,99,64,0,3,0,50,0,0,0,0,0,0,0,0,0,0,0,0,0,0,217,-216
311,4/13/2019,5,5619,200,1,0.50%,1,91,62,0,5,0,59,0,0,0,0,0,0,0,0,0,0,0,0,0,0,218,-217
312,4/13/2019,6,3641,200,4,2.00%,2,96,54,1,8,0,51,0,0,0,0,0,0,0,0,0,0,0,0,0,0,212,-208
313,4/13/2019,6,3641,200,4,2.00%,1,98,60,0,3,0,44,0,0,0,0,0,0,0,0,0,0,0,0,0,0,,
314,4/14/2019,1,5863,200,3,1.50%,1,91,61,1,8,0,47,0,0,1,0,0,0,0,0,0,0,0,0,0,0,210,-207
315,4/14/2019,2,4989,200,5,2.50%,2,95,49,1,9,0,57,1,1,0,0,0,0,0,0,0,0,0,0,0,0,215,-210
316,4/14/2019,3,4428,200,4,2.00%,1,100,63,1,8,0,48,0,0,0,0,0,0,0,0,0,0,0,0,0,0,221,-217
317,4/14/2019,3,4428,200,4,2.00%,2,91,42,0,1,0,42,0,0,0,0,0,0,0,0,0,0,0,0,0,0,,
318,4/14/2019,4,4196,200,4,2.00%,1,94,63,1,10,0,41,0,0,0,0,0,0,0,0,0,0,0,0,0,0,210,-206
319,4/14/2019,4,4196,200,4,2.00%,2,96,55,0,2,0,57,0,0,0,0,0,0,0,0,0,0,0,0,0,0,,
320,4/14/2019,5,4652,200,0,0.00%,0,85,62,0,5,0,58,0,0,0,0,0,0,0,0,0,0,0,0,0,0,210,-210
321,4/14/2019,6,3620,200,7,3.50%,1,91,62,2,8,1,87,0,0,0,1,0,0,0,0,0,0,0,0,0,0,253,-246
322,4/14/2019,6,3620,200,7,3.50%,2,93,41,0,5,0,43,0,0,0,0,0,0,0,0,0,0,0,0,0,0,,
323,4/15/2019,1,5819,200,1,0.50%,1,95,65,0,1,0,49,0,0,0,0,0,0,0,0,0,0,0,0,0,0,211,-210
324,4/15/2019,2,5831,200,3,1.50%,1,95,64,1,10,0,41,0,0,0,0,1,0,0,0,0,0,0,0,0,0,213,-210
325,4/15/2019,3,4801,200,2,1.00%,1,100,64,1,8,0,49,0,0,0,0,0,0,0,0,0,0,0,0,0,0,223,-221
326,4/15/2019,4,6081,200,4,2.00%,2,94,46,1,7,0,46,0,0,0,0,0,0,0,0,0,0,0,0,0,0,196,-192
327,4/15/2019,4,6081,200,4,2.00%,1,93,63,0,4,0,45,0,0,0,0,0,0,0,0,0,0,0,0,0,0,,
328,4/15/2019,5,5896,200,7,3.50%,1,99,61,2,9,0,43,0,0,0,1,1,0,0,0,0,0,0,0,0,0,217,-210
329,4/15/2019,5,5896,200,7,3.50%,2,95,44,0,1,0,58,0,0,0,0,0,0,0,0,0,0,0,0,0,0,,
330,4/15/2019,6,5346,200,0,0.00%,0,83,65,0,2,0,54,0,0,0,0,0,0,0,0,0,0,0,0,0,0,204,-204
331,4/16/2019,1,4797,200,4,2.00%,1,90,62,1,9,0,40,0,0,0,0,0,0,0,0,0,0,0,0,0,0,203,-199
332,4/16/2019,1,4797,200,4,2.00%,2,90,54,0,1,0,58,0,0,0,0,0,0,0,0,0,0,0,0,0,0,,
333,4/16/2019,2,6058,200,1,0.50%,1,93,61,0,5,0,52,0,0,0,0,0,0,0,0,0,0,0,0,0,0,212,-211
334,4/16/2019,3,5532,200,1,0.50%,1,97,64,0,2,0,51,0,0,0,0,0,0,0,0,0,0,0,0,0,0,215,-214
335,4/16/2019,4,4696,200,3,1.50%,1,98,63,1,9,0,47,0,1,0,0,0,0,0,0,0,0,0,0,0,0,220,-217
336,4/16/2019,5,6172,200,2,1.00%,1,99,62,1,8,0,54,0,0,0,0,0,0,0,0,0,0,0,0,0,0,225,-223
337,4/16/2019,6,4222,200,1,0.50%,1,92,62,0,3,0,56,0,0,0,0,0,0,0,0,0,0,0,0,0,0,214,-213
338,4/17/2019,1,6079,200,3,1.50%,1,92,61,1,10,0,55,0,1,0,0,0,0,0,0,0,0,0,0,0,0,221,-218
339,4/17/2019,2,6095,200,7,3.50%,1,92,60,2,8,1,70,0,0,1,0,0,0,0,0,0,0,0,0,0,0,235,-228
340,4/17/2019,2,6095,200,7,3.50%,2,90,44,0,3,0,51,0,0,0,0,0,0,0,0,0,0,0,0,0,0,,
341,4/17/2019,3,5776,200,3,1.50%,1,98,63,1,10,0,50,0,0,1,0,0,0,0,0,0,0,0,0,0,0,224,-221
342,4/17/2019,4,4082,200,3,1.50%,1,97,62,1,7,0,47,0,0,0,1,0,0,0,0,0,0,0,0,0,0,216,-213
343,4/17/2019,5,5295,200,1,0.50%,1,100,65,0,6,0,48,0,0,0,0,0,0,0,0,0,0,0,0,0,0,220,-219
344,4/17/2019,6,5587,200,3,1.50%,1,95,63,1,7,0,58,0,0,0,0,1,0,0,0,0,0,0,0,0,0,226,-223
345,4/18/2019,1,4627,200,7,3.50%,2,91,42,2,10,1,71,0,0,0,0,0,0,0,0,0,0,0,0,0,0,219,-212
346,4/18/2019,1,4627,200,7,3.50%,2,95,41,0,2,0,52,0,0,0,0,0,0,0,0,0,0,0,0,0,0,,
347,4/18/2019,2,5161,200,6,3.00%,2,90,42,2,7,1,82,0,1,0,0,0,0,0,0,0,0,0,0,0,0,227,-221
348,4/18/2019,3,4477,200,4,2.00%,1,100,60,1,8,0,52,0,0,0,0,0,0,0,0,0,0,0,0,0,0,222,-218
349,4/18/2019,3,4477,200,4,2.00%,2,92,54,0,6,0,52,0,0,0,0,0,0,0,0,0,0,0,0,0,0,,
350,4/18/2019,4,4868,200,7,3.50%,1,100,62,2,9,1,71,1,0,0,0,0,0,0,0,0,0,0,0,0,0,247,-240
351,4/18/2019,4,4868,200,7,3.50%,2,100,53,0,6,0,45,0,0,0,0,0,0,0,0,0,0,0,0,0,0,,
352,4/18/2019,5,6213,200,5,2.50%,2,95,47,1,9,1,70,0,0,1,0,0,0,0,0,0,0,0,0,0,0,226,-221
353,4/18/2019,6,4284,200,3,1.50%,1,98,60,1,8,0,55,0,0,0,1,0,0,0,0,0,0,0,0,0,0,224,-221
354,4/19/2019,1,3616,200,6,3.00%,2,95,48,2,9,1,73,0,0,0,0,1,0,0,0,0,0,0,0,0,0,231,-225
355,4/19/2019,2,5213,200,2,1.00%,1,99,64,1,9,0,58,0,0,0,0,0,0,0,0,0,0,0,0,0,0,232,-230
356,4/19/2019,3,4642,200,2,1.00%,1,92,61,1,8,0,49,0,0,0,0,0,0,0,0,0,0,0,0,0,0,212,-210
357,4/19/2019,4,3935,200,1,0.50%,1,98,62,0,1,0,54,0,0,0,0,0,0,0,0,0,0,0,0,0,0,216,-215
358,4/19/2019,5,6265,200,6,3.00%,2,95,51,2,9,1,80,1,0,0,0,0,0,0,0,0,0,0,0,0,0,241,-235
359,4/19/2019,6,5040,200,2,1.00%,1,100,65,1,10,0,53,0,0,0,0,0,0,0,0,0,0,0,0,0,0,230,-228
360,4/20/2019,1,3768,200,4,2.00%,1,92,64,1,7,0,54,0,0,0,0,0,0,0,0,0,0,0,0,0,0,219,-215
361,4/20/2019,1,3768,200,4,2.00%,2,91,41,0,4,0,60,0,0,0,0,0,0,0,0,0,0,0,0,0,0,,
362,4/20/2019,2,5089,200,3,1.50%,1,93,65,1,10,0,54,0,1,0,0,0,0,0,0,0,0,0,0,0,0,225,-222
363,4/20/2019,3,5956,200,0,0.00%,0,85,65,0,1,0,57,0,0,0,0,0,0,0,0,0,0,0,0,0,0,208,-208
364,4/20/2019,4,5164,200,3,1.50%,1,98,63,1,8,0,60,0,0,0,1,0,0,0,0,0,0,0,0,0,0,232,-229
365,4/20/2019,5,5999,200,2,1.00%,1,96,64,1,7,0,44,0,0,0,0,0,0,0,0,0,0,0,0,0,0,213,-211
366,4/20/2019,6,6231,200,2,1.00%,1,94,62,1,7,0,42,0,0,0,0,0,0,0,0,0,0,0,0,0,0,207,-205
367,4/21/2019,1,4308,200,1,0.50%,1,98,60,0,6,0,53,0,0,0,0,0,0,0,0,0,0,0,0,0,0,218,-217
368,4/21/2019,2,5768,200,1,0.50%,1,98,63,0,2,0,50,0,0,0,0,0,0,0,0,0,0,0,0,0,0,214,-213
369,4/21/2019,3,5185,200,6,3.00%,2,100,41,2,10,1,75,0,0,1,0,0,0,0,0,0,0,0,0,0,0,232,-226
370,4/21/2019,4,5173,200,2,1.00%,1,96,61,1,10,0,47,0,0,0,0,0,0,0,0,0,0,0,0,0,0,216,-214
371,4/21/2019,5,4545,200,6,3.00%,2,96,52,2,7,1,82,0,0,0,1,0,0,0,0,0,0,0,0,0,0,243,-237
372,4/21/2019,6,3942,200,5,2.50%,2,92,42,1,10,0,54,0,1,1,0,0,0,0,0,0,0,0,0,0,0,203,-198
373,4/22/2019,1,4741,200,1,0.50%,1,100,61,0,1,0,45,0,0,0,0,0,0,0,0,0,0,0,0,0,0,208,-207
374,4/22/2019,2,3834,200,2,1.00%,1,96,60,1,10,0,55,0,0,0,0,0,0,0,0,0,0,0,0,0,0,223,-221
375,4/22/2019,3,4051,200,7,3.50%,1,95,62,2,10,0,52,1,1,0,0,0,0,0,0,0,0,0,0,0,0,224,-217
376,4/22/2019,3,4051,200,7,3.50%,2,94,50,0,3,0,60,0,0,0,0,0,0,0,0,0,0,0,0,0,0,,
377,4/22/2019,4,3871,200,5,2.50%,2,91,42,1,8,1,88,0,0,1,0,0,0,0,0,0,0,0,0,0,0,234,-229
378,4/22/2019,5,3852,200,2,1.00%,1,99,60,1,9,0,47,0,0,0,0,0,0,0,0,0,0,0,0,0,0,217,-215
379,4/22/2019,6,4590,200,1,0.50%,1,95,63,0,6,0,53,0,0,0,0,0,0,0,0,0,0,0,0,0,0,218,-217
380,4/23/2019,1,3751,200,3,1.50%,1,95,63,1,10,0,52,0,1,0,0,0,0,0,0,0,0,0,0,0,0,223,-220
381,4/23/2019,2,5931,200,7,3.50%,1,98,63,2,10,1,79,0,0,0,0,0,1,0,0,0,0,0,0,0,0,255,-248
382,4/23/2019,2,5931,200,7,3.50%,2,90,43,0,1,0,56,0,0,0,0,0,0,0,0,0,0,0,0,0,0,,
383,4/23/2019,3,6271,200,3,1.50%,1,90,63,1,7,0,52,0,0,1,0,0,0,0,0,0,0,0,0,0,0,215,-212
384,4/23/2019,4,4165,200,6,3.00%,2,99,50,2,7,1,90,0,0,0,0,0,0,1,0,0,0,0,0,0,0,252,-246
385,4/23/2019,5,5407,200,3,1.50%,1,91,65,1,7,0,47,0,0,0,1,0,0,0,0,0,0,0,0,0,0,213,-210
386,4/23/2019,6,4306,200,4,2.00%,1,93,61,1,8,0,50,0,0,0,0,0,0,0,0,0,0,0,0,0,0,214,-210
387,4/23/2019,6,4306,200,4,2.00%,2,97,44,0,4,0,47,0,0,0,0,0,0,0,0,0,0,0,0,0,0,,
388,4/24/2019,1,4870,200,1,0.50%,1,97,65,0,1,0,54,0,0,0,0,0,0,0,0,0,0,0,0,0,0,218,-217
389,4/24/2019,2,6198,200,3,1.50%,1,95,65,1,9,0,54,0,0,0,0,1,0,0,0,0,0,0,0,0,0,226,-223
390,4/24/2019,3,6272,200,7,3.50%,1,94,64,2,8,1,86,0,0,0,1,0,0,0,0,0,0,0,0,0,0,257,-250
391,4/24/2019,3,6272,200,7,3.50%,2,90,55,0,2,0,42,0,0,0,0,0,0,0,0,0,0,0,0,0,0,,
392,4/24/2019,4,5964,200,1,0.50%,1,96,60,0,5,0,50,0,0,0,0,0,0,0,0,0,0,0,0,0,0,212,-211
393,4/24/2019,5,4669,200,3,1.50%,1,99,60,1,10,0,43,0,0,0,1,0,0,0,0,0,0,0,0,0,0,215,-212
394,4/24/2019,6,5395,200,6,3.00%,2,90,46,2,9,1,80,0,0,1,0,0,0,0,0,0,0,0,0,0,0,231,-225
395,4/25/2019,1,5719,200,7,3.50%,1,96,61,2,7,1,85,0,1,0,0,0,0,0,0,0,0,0,0,0,0,254,-247
396,4/25/2019,1,5719,200,7,3.50%,2,90,50,0,1,0,54,0,0,0,0,0,0,0,0,0,0,0,0,0,0,,
397,4/25/2019,2,5135,200,2,1.00%,1,96,60,1,8,0,45,0,0,0,0,0,0,0,0,0,0,0,0,0,0,211,-209
398,4/25/2019,3,5106,200,6,3.00%,2,93,48,2,10,1,87,0,0,1,0,0,0,0,0,0,0,0,0,0,0,244,-238
399,4/25/2019,4,5920,200,3,1.50%,1,96,63,1,8,0,56,0,1,0,0,0,0,0,0,0,0,0,0,0,0,226,-223
400,4/25/2019,5,5418,200,3,1.50%,1,99,64,1,9,0,52,1,0,0,0,0,0,0,0,0,0,0,0,0,0,227,-224
401,4/25/2019,6,4576,200,4,2.00%,2,95,52,1,9,0,50,0,0,0,0,0,0,0,0,0,0,0,0,0,0,209,-205
402,4/25/2019,6,4576,200,4,2.00%,1,99,63,0,6,0,43,0,0,0,0,0,0,0,0,0,0,0,0,0,0,,
403,4/26/2019,1,4830,200,3,1.50%,1,92,64,1,7,0,46,0,1,0,0,0,0,0,0,0,0,0,0,0,0,212,-209
404,4/26/2019,2,3816,200,7,3.50%,1,90,62,2,7,1,71,0,0,1,0,0,0,0,0,0,0,0,0,0,0,235,-228
405,4/26/2019,2,3816,200,7,3.50%,2,96,40,0,6,0,50,0,0,0,0,0,0,0,0,0,0,0,0,0,0,,
406,4/26/2019,3,3705,200,0,0.00%,0,82,62,0,1,0,47,0,0,0,0,0,0,0,0,0,0,0,0,0,0,192,-192
407,4/26/2019,4,4226,200,5,2.50%,2,94,52,1,9,0,48,0,1,1,0,0,0,0,0,0,0,0,0,0,0,208,-203
408,4/26/2019,5,4419,200,2,1.00%,1,98,62,1,9,0,51,0,0,0,0,0,0,0,0,0,0,0,0,0,0,222,-220
409,4/26/2019,6,3781,200,3,1.50%,1,99,65,1,9,0,44,0,0,0,0,1,0,0,0,0,0,0,0,0,0,220,-217
410,4/27/2019,1,4511,200,6,3.00%,2,95,44,2,7,1,87,0,0,0,1,0,0,0,0,0,0,0,0,0,0,239,-233
411,4/27/2019,2,6108,200,6,3.00%,2,98,43,2,8,1,85,0,0,1,0,0,0,0,0,0,0,0,0,0,0,240,-234
412,4/27/2019,3,4432,200,3,1.50%,1,92,61,1,8,0,57,0,0,0,1,0,0,0,0,0,0,0,0,0,0,221,-218
413,4/27/2019,4,5847,200,6,3.00%,2,97,42,2,7,1,71,0,1,0,0,0,0,0,0,0,0,0,0,0,0,223,-217
414,4/27/2019,5,3871,200,1,0.50%,1,100,61,0,2,0,58,0,0,0,0,0,0,0,0,0,0,0,0,0,0,222,-221
415,4/27/2019,6,4761,200,6,3.00%,2,90,52,2,7,1,82,1,0,0,0,0,0,0,0,0,0,0,0,0,0,237,-231
416,4/28/2019,1,5060,200,1,0.50%,1,99,65,0,4,0,41,0,0,0,0,0,0,0,0,0,0,0,0,0,0,210,-209
417,4/28/2019,2,5369,200,2,1.00%,1,99,62,1,7,0,56,0,0,0,0,0,0,0,0,0,0,0,0,0,0,226,-224
418,4/28/2019,3,3730,200,5,2.50%,2,96,42,1,10,1,84,0,0,1,0,0,0,0,0,0,0,0,0,0,0,237,-232
419,4/28/2019,4,4795,200,0,0.00%,0,81,65,0,4,0,59,0,0,0,0,0,0,0,0,0,0,0,0,0,0,209,-209
420,4/28/2019,5,5856,200,5,2.50%,2,99,40,1,9,0,53,0,1,1,0,0,0,0,0,0,0,0,0,0,0,206,-201
421,4/28/2019,6,3932,200,7,3.50%,1,94,60,2,9,1,79,0,0,0,1,0,0,0,0,0,0,0,0,0,0,247,-240
422,4/28/2019,6,3932,200,7,3.50%,2,91,45,0,3,0,43,0,0,0,0,0,0,0,0,0,0,0,0,0,0,,
423,4/29/2019,1,5587,200,6,3.00%,2,99,52,2,9,1,85,0,0,0,0,1,0,0,0,0,0,0,0,0,0,251,-245
424,4/29/2019,2,3726,200,5,2.50%,2,95,50,1,9,0,55,0,0,0,0,0,1,1,0,0,0,0,0,0,0,214,-209
425,4/29/2019,3,3743,200,6,3.00%,2,91,41,2,10,1,75,0,0,0,0,0,0,0,1,0,0,0,0,0,0,223,-217
426,4/29/2019,4,3628,200,4,2.00%,2,96,42,1,10,0,42,0,0,0,0,0,0,0,0,0,0,0,0,0,0,193,-189
427,4/29/2019,4,3628,200,4,2.00%,1,94,63,0,6,0,59,0,0,0,0,0,0,0,0,0,0,0,0,0,0,,
428,4/29/2019,5,6251,200,5,2.50%,2,92,46,1,10,1,82,0,1,0,0,0,0,0,0,0,0,0,0,0,0,235,-230
429,4/29/2019,6,3880,200,6,3.00%,2,91,54,2,9,1,87,0,0,1,0,0,0,0,0,0,0,0,0,0,0,247,-241
430,4/30/2019,1,4795,200,5,2.50%,2,97,42,1,9,0,56,0,0,0,1,1,0,0,0,0,0,0,0,0,0,209,-204
431,4/30/2019,2,5159,200,3,1.50%,1,95,63,1,7,0,57,1,0,0,0,0,0,0,0,0,0,0,0,0,0,225,-222
432,4/30/2019,3,5789,200,6,3.00%,2,90,41,2,7,1,87,0,0,0,0,0,1,0,0,0,0,0,0,0,0,231,-225
433,4/30/2019,4,5849,200,5,2.50%,2,100,41,1,7,0,56,0,0,0,0,0,0,1,1,0,0,0,0,0,0,209,-204
434,4/30/2019,5,4391,200,5,2.50%,2,100,41,1,8,0,51,0,0,0,0,1,1,0,0,0,0,0,0,0,0,205,-200
435,4/30/2019,6,4549,200,7,3.50%,1,100,62,2,7,0,57,0,0,1,1,0,0,0,0,0,0,0,0,0,0,231,-224
436,4/30/2019,6,4549,200,7,3.50%,2,93,41,0,1,0,50,0,0,0,0,0,0,0,0,0,0,0,0,0,0,,
437,5/1/2019,1,5310,200,2,1.00%,1,92,63,1,7,0,59,0,0,0,0,0,0,0,0,0,0,0,0,0,0,223,-221
438,5/1/2019,2,6121,200,7,3.50%,1,97,65,2,8,1,90,1,0,0,0,0,0,0,0,0,0,0,0,0,0,265,-258
439,5/1/2019,2,6121,200,7,3.50%,2,96,55,0,3,0,58,0,0,0,0,0,0,0,0,0,0,0,0,0,0,,
440,5/1/2019,3,4235,200,0,0.00%,0,81,60,0,3,0,44,0,0,0,0,0,0,0,0,0,0,0,0,0,0,188,-188
441,5/1/2019,4,5533,200,3,1.50%,1,98,63,1,8,0,47,0,0,0,1,0,0,0,0,0,0,0,0,0,0,219,-216
442,5/1/2019,5,6130,200,1,0.50%,1,98,60,0,1,0,45,0,0,0,0,0,0,0,0,0,0,0,0,0,0,205,-204
443,5/1/2019,6,3700,200,4,2.00%,2,99,44,1,8,0,59,0,0,0,0,0,0,0,0,0,0,0,0,0,0,213,-209
444,5/1/2019,6,3700,200,4,2.00%,1,96,65,0,6,0,41,0,0,0,0,0,0,0,0,0,0,0,0,0,0,,
445,5/2/2019,1,6021,200,3,1.50%,1,98,61,1,9,0,59,0,0,0,0,1,0,0,0,0,0,0,0,0,0,230,-227
446,5/2/2019,2,5062,200,0,0.00%,0,83,65,0,3,0,55,0,0,0,0,0,0,0,0,0,0,0,0,0,0,206,-206
447,5/2/2019,3,5433,200,2,1.00%,1,95,65,1,8,0,42,0,0,0,0,0,0,0,0,0,0,0,0,0,0,212,-210
448,5/2/2019,4,5042,200,7,3.50%,2,93,54,2,10,1,73,0,0,0,0,0,0,0,0,0,0,0,0,0,0,235,-228
449,5/2/2019,4,5042,200,7,3.50%,2,95,46,0,4,0,42,0,0,0,0,0,0,0,0,0,0,0,0,0,0,,
450,5/2/2019,5,4368,200,1,0.50%,1,96,62,0,6,0,40,0,0,0,0,0,0,0,0,0,0,0,0,0,0,205,-204
451,5/2/2019,6,4085,200,0,0.00%,0,80,64,0,3,0,43,0,0,0,0,0,0,0,0,0,0,0,0,0,0,190,-190
452,5/3/2019,1,4896,200,4,2.00%,1,100,62,1,9,0,43,0,0,0,0,0,0,0,0,0,0,0,0,0,0,216,-212
453,5/3/2019,1,4896,200,4,2.00%,2,91,42,0,1,0,59,0,0,0,0,0,0,0,0,0,0,0,0,0,0,,
454,5/3/2019,2,3907,200,5,2.50%,2,93,45,1,7,0,54,0,0,0,0,1,1,0,0,0,0,0,0,0,0,204,-199
455,5/3/2019,3,4123,200,6,3.00%,2,97,44,2,9,1,88,0,0,0,0,0,0,1,0,0,0,0,0,0,0,244,-238
456,5/3/2019,4,6167,200,5,2.50%,2,90,54,1,8,0,42,0,0,0,0,1,0,0,1,0,0,0,0,0,0,199,-194
457,5/3/2019,5,4943,200,1,0.50%,1,99,60,0,2,0,54,0,0,0,0,0,0,0,0,0,0,0,0,0,0,216,-215
458,5/3/2019,6,3894,200,7,3.50%,1,100,64,2,10,1,80,0,0,0,0,0,1,0,0,0,0,0,0,0,0,259,-252
459,5/3/2019,6,3894,200,7,3.50%,2,100,53,0,6,0,60,0,0,0,0,0,0,0,0,0,0,0,0,0,0,,
460,5/4/2019,1,4771,200,5,2.50%,2,95,50,1,8,0,42,0,0,0,1,1,0,0,0,0,0,0,0,0,0,200,-195
461,5/4/2019,2,5831,200,3,1.50%,1,99,63,1,9,0,40,1,0,0,0,0,0,0,0,0,0,0,0,0,0,214,-211
462,5/4/2019,3,4847,200,4,2.00%,1,92,61,1,9,0,47,0,0,0,0,0,0,0,0,0,0,0,0,0,0,211,-207
463,5/4/2019,3,4847,200,4,2.00%,2,92,45,0,4,0,42,0,0,0,0,0,0,0,0,0,0,0,0,0,0,,
464,5/4/2019,4,5520,200,3,1.50%,1,97,63,1,9,0,49,0,1,0,0,0,0,0,0,0,0,0,0,0,0,221,-218
465,5/4/2019,5,4032,200,6,3.00%,2,93,47,2,9,1,89,0,0,0,0,1,0,0,0,0,0,0,0,0,0,244,-238
466,5/4/2019,6,6037,200,5,2.50%,2,92,55,1,10,0,42,0,0,1,1,0,0,0,0,0,0,0,0,0,0,204,-199
467,5/5/2019,1,6296,200,3,1.50%,1,99,65,1,10,0,41,0,0,1,0,0,0,0,0,0,0,0,0,0,0,218,-215
468,5/5/2019,2,5464,200,3,1.50%,1,97,62,1,7,0,50,0,0,0,1,0,0,0,0,0,0,0,0,0,0,219,-216
469,5/5/2019,3,5232,200,3,1.50%,1,99,62,1,8,0,53,0,0,1,0,0,0,0,0,0,0,0,0,0,0,225,-222
470,5/5/2019,4,6192,200,5,2.50%,2,97,40,1,7,0,41,1,1,0,0,0,0,0,0,0,0,0,0,0,0,190,-185
471,5/5/2019,5,4793,200,0,0.00%,0,83,65,0,3,0,51,0,0,0,0,0,0,0,0,0,0,0,0,0,0,202,-202
472,5/5/2019,6,4445,200,5,2.50%,2,92,41,1,8,1,75,0,1,0,0,0,0,0,0,0,0,0,0,0,0,221,-216
473,5/6/2019,1,3909,200,1,0.50%,1,99,65,0,6,0,53,0,0,0,0,0,0,0,0,0,0,0,0,0,0,224,-223
474,5/6/2019,2,4872,200,3,1.50%,1,94,61,1,8,0,54,1,0,0,0,0,0,0,0,0,0,0,0,0,0,220,-217
475,5/6/2019,3,4264,200,1,0.50%,1,92,63,0,6,0,53,0,0,0,0,0,0,0,0,0,0,0,0,0,0,215,-214
476,5/6/2019,4,5759,200,0,0.00%,0,80,60,0,6,0,51,0,0,0,0,0,0,0,0,0,0,0,0,0,0,197,-197
477,5/6/2019,5,4874,200,0,0.00%,0,84,60,0,3,0,56,0,0,0,0,0,0,0,0,0,0,0,0,0,0,203,-203
478,5/6/2019,6,4554,200,0,0.00%,0,82,65,0,2,0,46,0,0,0,0,0,0,0,0,0,0,0,0,0,0,195,-195
479,5/7/2019,1,5922,200,7,3.50%,1,91,62,2,9,1,89,0,1,0,0,0,0,0,0,0,0,0,0,0,0,256,-249
480,5/7/2019,1,5922,200,7,3.50%,2,99,50,0,5,0,60,0,0,0,0,0,0,0,0,0,0,0,0,0,0,,
481,5/7/2019,2,5740,200,3,1.50%,1,93,61,1,8,0,58,0,0,1,0,0,0,0,0,0,0,0,0,0,0,223,-220
482,5/7/2019,3,5767,200,2,1.00%,1,96,65,1,9,0,46,0,0,0,0,0,0,0,0,0,0,0,0,0,0,218,-216
483,5/7/2019,4,4507,200,0,0.00%,0,85,65,0,2,0,47,0,0,0,0,0,0,0,0,0,0,0,0,0,0,199,-199
484,5/7/2019,5,5378,200,1,0.50%,1,98,62,0,2,0,40,0,0,0,0,0,0,0,0,0,0,0,0,0,0,203,-202
485,5/7/2019,6,4030,200,3,1.50%,1,96,62,1,9,0,44,0,1,0,0,0,0,0,0,0,0,0,0,0,0,214,-211
486,5/8/2019,1,5058,200,7,3.50%,1,96,64,2,7,1,77,0,0,1,0,0,0,0,0,0,0,0,0,0,0,249,-242
487,5/8/2019,1,5058,200,7,3.50%,2,96,46,0,2,0,42,0,0,0,0,0,0,0,0,0,0,0,0,0,0,,
488,5/8/2019,2,3904,200,1,0.50%,1,100,63,0,5,0,48,0,0,0,0,0,0,0,0,0,0,0,0,0,0,217,-216
489,5/8/2019,3,4618,200,1,0.50%,1,97,62,0,5,0,47,0,0,0,0,0,0,0,0,0,0,0,0,0,0,212,-211
490,5/8/2019,4,4867,200,6,3.00%,2,100,42,2,7,1,89,1,0,0,0,0,0,0,0,0,0,0,0,0,0,244,-238
491,5/8/2019,5,5511,200,0,0.00%,0,82,64,0,3,0,40,0,0,0,0,0,0,0,0,0,0,0,0,0,0,189,-189
492,5/8/2019,6,5117,200,3,1.50%,1,98,62,1,9,0,56,0,1,0,0,0,0,0,0,0,0,0,0,0,0,228,-225
493,5/9/2019,1,3880,200,4,2.00%,1,93,62,1,10,0,59,0,0,0,0,0,0,0,0,0,0,0,0,0,0,226,-222
494,5/9/2019,1,3880,200,4,2.00%,2,91,41,0,2,0,44,0,0,0,0,0,0,0,0,0,0,0,0,0,0,,
495,5/9/2019,2,6263,200,4,2.00%,1,99,63,1,9,0,49,0,0,0,0,0,0,0,0,0,0,0,0,0,0,222,-218
496,5/9/2019,2,6263,200,4,2.00%,2,91,42,0,4,0,49,0,0,0,0,0,0,0,0,0,0,0,0,0,0,,
497,5/9/2019,3,3949,200,2,1.00%,1,91,63,1,8,0,57,0,0,0,0,0,0,0,0,0,0,0,0,0,0,221,-219
498,5/9/2019,4,4266,200,5,2.50%,2,93,42,1,10,0,42,0,0,1,1,0,0,0,0,0,0,0,0,0,0,192,-187
499,5/9/2019,5,3662,200,6,3.00%,2,91,40,2,8,1,83,0,0,0,0,1,0,0,0,0,0,0,0,0,0,228,-222
500,5/9/2019,6,4041,200,7,3.50%,1,97,65,2,9,1,86,0,0,0,0,0,1,0,0,0,0,0,0,0,0,262,-255
501,5/9/2019,6,4041,200,7,3.50%,2,94,51,0,2,0,58,0,0,0,0,0,0,0,0,0,0,0,0,0,0,,
502,5/10/2019,1,4165,200,1,0.50%,1,92,64,0,4,0,52,0,0,0,0,0,0,0,0,0,0,0,0,0,0,213,-212
503,5/10/2019,2,4816,200,3,1.50%,1,97,63,1,8,0,58,0,0,0,1,0,0,0,0,0,0,0,0,0,0,229,-226
504,5/10/2019,3,4745,200,0,0.00%,0,81,63,0,3,0,60,0,0,0,0,0,0,0,0,0,0,0,0,0,0,207,-207
505,5/10/2019,4,5143,200,4,2.00%,1,91,60,1,10,0,52,0,0,0,0,0,0,0,0,0,0,0,0,0,0,215,-211
506,5/10/2019,4,5143,200,4,2.00%,2,90,51,0,2,0,59,0,0,0,0,0,0,0,0,0,0,0,0,0,0,,
507,5/10/2019,5,5468,200,0,0.00%,0,83,63,0,2,0,47,0,0,0,0,0,0,0,0,0,0,0,0,0,0,195,-195
508,5/10/2019,6,5085,200,4,2.00%,1,94,65,1,9,0,40,0,0,0,0,0,0,0,0,0,0,0,0,0,0,210,-206
509,5/10/2019,6,5085,200,4,2.00%,2,99,54,0,3,0,58,0,0,0,0,0,0,0,0,0,0,0,0,0,0,,
510,5/11/2019,1,5962,200,5,2.50%,2,98,41,1,8,0,56,0,0,0,1,1,0,0,0,0,0,0,0,0,0,208,-203
511,5/11/2019,2,4363,200,7,3.50%,1,95,61,2,8,1,79,0,0,1,0,0,0,0,0,0,0,0,0,0,0,248,-241
512,5/11/2019,2,4363,200,7,3.50%,2,91,46,0,3,0,51,0,0,0,0,0,0,0,0,0,0,0,0,0,0,,
513,5/11/2019,3,4499,200,6,3.00%,2,90,40,2,9,1,74,0,1,0,0,0,0,0,0,0,0,0,0,0,0,219,-213
514,5/11/2019,4,4563,200,7,3.50%,1,97,65,2,9,1,75,1,0,0,0,0,0,0,0,0,0,0,0,0,0,251,-244
515,5/11/2019,4,4563,200,7,3.50%,2,97,46,0,6,0,52,0,0,0,0,0,0,0,0,0,0,0,0,0,0,,
516,5/11/2019,5,5895,200,0,0.00%,0,82,64,0,2,0,52,0,0,0,0,0,0,0,0,0,0,0,0,0,0,200,-200
517,5/11/2019,6,5197,200,0,0.00%,0,84,65,0,6,0,54,0,0,0,0,0,0,0,0,0,0,0,0,0,0,209,-209
518,5/12/2019,1,3868,200,5,2.50%,2,97,47,1,8,1,75,1,0,0,0,0,0,0,0,0,0,0,0,0,0,232,-227
519,5/12/2019,2,5987,200,6,3.00%,2,97,50,2,7,1,80,0,1,0,0,0,0,0,0,0,0,0,0,0,0,240,-234
520,5/12/2019,3,6291,200,5,2.50%,2,90,53,1,10,0,40,0,0,1,1,0,0,0,0,0,0,0,0,0,0,198,-193
521,5/12/2019,4,4814,200,6,3.00%,2,99,43,2,9,1,75,0,0,0,0,1,0,0,0,0,0,0,0,0,0,232,-226
522,5/12/2019,5,4704,200,1,0.50%,1,94,62,0,2,0,50,0,0,0,0,0,0,0,0,0,0,0,0,0,0,209,-208
523,5/12/2019,6,5417,200,4,2.00%,1,96,63,0,6,0,60,0,0,0,0,1,0,0,0,0,0,0,0,0,0,227,-223
524,5/12/2019,6,5417,200,4,2.00%,2,93,44,0,5,0,53,0,0,0,0,0,0,0,0,0,0,0,0,0,0,,
525,5/13/2019,1,4440,200,1,0.50%,1,98,62,0,3,0,41,0,0,0,0,0,0,0,0,0,0,0,0,0,0,205,-204
526,5/13/2019,2,5493,200,2,1.00%,1,97,63,1,9,0,53,0,0,0,0,0,0,0,0,0,0,0,0,0,0,224,-222
527,5/13/2019,3,5631,200,4,2.00%,1,99,65,0,4,0,51,0,0,1,0,0,0,0,0,0,0,0,0,0,0,221,-217
528,5/13/2019,3,5631,200,4,2.00%,2,91,42,0,4,0,41,0,0,0,0,0,0,0,0,0,0,0,0,0,0,,
529,5/13/2019,4,5335,200,0,0.00%,0,83,65,0,4,0,53,0,0,0,0,0,0,0,0,0,0,0,0,0,0,205,-205
530,5/13/2019,5,4187,200,1,0.50%,1,90,64,0,3,0,51,0,0,0,0,0,0,0,0,0,0,0,0,0,0,209,-208
531,5/13/2019,6,4534,200,0,0.00%,0,83,64,0,1,0,44,0,0,0,0,0,0,0,0,0,0,0,0,0,0,192,-192
532,5/14/2019,1,3606,200,1,0.50%,1,92,65,0,4,0,57,0,0,0,0,0,0,0,0,0,0,0,0,0,0,219,-218
533,5/14/2019,2,5939,200,3,1.50%,1,96,63,1,10,0,40,0,0,0,1,0,0,0,0,0,0,0,0,0,0,212,-209
534,5/14/2019,3,5751,200,3,1.50%,1,92,60,1,9,0,53,0,0,1,0,0,0,0,0,0,0,0,0,0,0,217,-214
535,5/14/2019,4,4661,200,2,1.00%,1,96,62,1,7,0,43,0,0,0,0,0,0,0,0,0,0,0,0,0,0,210,-208
536,5/14/2019,5,4711,200,0,0.00%,0,83,62,0,6,0,54,0,0,0,0,0,0,0,0,0,0,0,0,0,0,205,-205
537,5/14/2019,6,5013,200,5,2.50%,2,95,51,1,10,1,71,1,0,0,0,0,0,0,0,0,0,0,0,0,0,232,-227
538,5/15/2019,1,4171,200,2,1.00%,1,98,64,1,10,0,53,0,0,0,0,0,0,0,0,0,0,0,0,0,0,227,-225
539,5/15/2019,2,5267,200,3,1.50%,1,91,61,1,9,0,51,0,1,0,0,0,0,0,0,0,0,0,0,0,0,215,-212
540,5/15/2019,3,6005,200,4,2.00%,1,97,64,1,7,0,48,0,0,0,0,0,0,0,0,0,0,0,0,0,0,218,-214
541,5/15/2019,3,6005,200,4,2.00%,2,100,47,0,4,0,60,0,0,0,0,0,0,0,0,0,0,0,0,0,0,,
542,5/15/2019,4,6175,200,0,0.00%,0,84,60,0,1,0,40,0,0,0,0,0,0,0,0,0,0,0,0,0,0,185,-185
543,5/15/2019,5,5000,200,1,0.50%,1,96,60,0,1,0,55,0,0,0,0,0,0,0,0,0,0,0,0,0,0,213,-212
544,5/15/2019,6,5223,200,1,0.50%,1,90,60,0,3,0,50,0,0,0,0,0,0,0,0,0,0,0,0,0,0,204,-203
545,5/16/2019,1,6264,200,3,1.50%,1,95,63,1,7,0,57,0,0,0,1,0,0,0,0,0,0,0,0,0,0,225,-222
546,5/16/2019,2,5575,200,5,2.50%,2,95,51,1,9,0,41,1,0,1,0,0,0,0,0,0,0,0,0,0,0,201,-196
547,5/16/2019,3,3856,200,3,1.50%,1,97,60,1,7,0,51,0,0,1,0,0,0,0,0,0,0,0,0,0,0,218,-215
548,5/16/2019,4,4224,200,4,2.00%,1,96,62,1,7,0,54,0,0,0,0,0,0,0,0,0,0,0,0,0,0,221,-217
549,5/16/2019,4,4224,200,4,2.00%,2,90,40,0,5,0,46,0,0,0,0,0,0,0,0,0,0,0,0,0,0,,
550,5/16/2019,5,6067,200,7,3.50%,1,98,62,2,7,1,72,0,0,0,1,0,0,0,0,0,0,0,0,0,0,244,-237
551,5/16/2019,5,6067,200,7,3.50%,2,96,42,0,3,0,41,0,0,0,0,0,0,0,0,0,0,0,0,0,0,,
552,5/16/2019,6,6187,200,0,0.00%,0,84,62,0,3,0,48,0,0,0,0,0,0,0,0,0,0,0,0,0,0,197,-197
553,5/17/2019,1,5098,200,5,2.50%,2,96,46,1,10,0,57,1,1,0,0,0,0,0,0,0,0,0,0,0,0,214,-209
554,5/17/2019,2,4238,200,0,0.00%,0,84,61,0,6,0,45,0,0,0,0,0,0,0,0,0,0,0,0,0,0,196,-196
555,5/17/2019,3,6058,200,2,1.00%,1,96,61,1,10,0,47,0,0,0,0,0,0,0,0,0,0,0,0,0,0,216,-214
556,5/17/2019,4,5929,200,7,3.50%,1,90,64,2,10,0,58,1,1,0,0,0,0,0,0,0,0,0,0,0,0,227,-220
557,5/17/2019,4,5929,200,7,3.50%,2,92,48,0,6,0,54,0,0,0,0,0,0,0,0,0,0,0,0,0,0,,
558,5/17/2019,5,4789,200,0,0.00%,0,84,65,0,2,0,44,0,0,0,0,0,0,0,0,0,0,0,0,0,0,195,-195
559,5/17/2019,6,4968,200,3,1.50%,1,92,65,1,8,0,40,0,0,1,0,0,0,0,0,0,0,0,0,0,0,208,-205
560,5/18/2019,1,4966,200,2,1.00%,1,100,62,1,8,0,57,0,0,0,0,0,0,0,0,0,0,0,0,0,0,229,-227
561,5/18/2019,2,4599,200,0,0.00%,0,84,64,0,5,0,43,0,0,0,0,0,0,0,0,0,0,0,0,0,0,196,-196
562,5/18/2019,3,4866,200,1,0.50%,1,93,60,0,5,0,51,0,0,0,0,0,0,0,0,0,0,0,0,0,0,210,-209
563,5/18/2019,4,4859,200,3,1.50%,1,94,61,1,9,0,42,0,1,0,0,0,0,0,0,0,0,0,0,0,0,209,-206
564,5/18/2019,5,5973,200,4,2.00%,1,93,65,1,8,0,48,0,0,0,0,0,0,0,0,0,0,0,0,0,0,216,-212
565,5/18/2019,5,5973,200,4,2.00%,2,92,50,0,3,0,54,0,0,0,0,0,0,0,0,0,0,0,0,0,0,,
566,5/18/2019,6,4773,200,2,1.00%,1,99,60,1,10,0,56,0,0,0,0,0,0,0,0,0,0,0,0,0,0,227,-225
567,5/19/2019,1,5465,200,2,1.00%,1,96,60,1,10,0,52,0,0,0,0,0,0,0,0,0,0,0,0,0,0,220,-218
568,5/19/2019,2,4433,200,0,0.00%,0,80,60,0,6,0,53,0,0,0,0,0,0,0,0,0,0,0,0,0,0,199,-199
569,5/19/2019,3,4238,200,6,3.00%,2,96,47,2,10,1,73,0,0,1,0,0,0,0,0,0,0,0,0,0,0,232,-226
570,5/19/2019,4,3854,200,2,1.00%,1,94,65,0,4,0,44,0,0,0,1,0,0,0,0,0,0,0,0,0,0,209,-207
571,5/19/2019,5,4221,200,1,0.50%,0,82,62,0,3,0,48,0,0,0,0,1,0,0,0,0,0,0,0,0,0,196,-195
572,5/19/2019,6,4962,200,7,3.50%,1,98,60,2,9,1,70,1,0,0,0,0,0,0,0,0,0,0,0,0,0,242,-235
573,5/19/2019,6,4962,200,7,3.50%,2,99,42,0,3,0,58,0,0,0,0,0,0,0,0,0,0,0,0,0,0,,
574,5/20/2019,1,3952,200,6,3.00%,2,91,45,2,10,1,87,0,1,0,0,0,0,0,0,0,0,0,0,0,0,239,-233
575,5/20/2019,2,4076,200,5,2.50%,2,95,47,1,9,0,46,0,0,1,1,0,0,0,0,0,0,0,0,0,0,202,-197
576,5/20/2019,3,4456,200,4,2.00%,1,92,65,1,8,0,41,0,0,0,0,0,0,0,0,0,0,0,0,0,0,208,-204
577,5/20/2019,3,4456,200,4,2.00%,2,93,49,0,5,0,49,0,0,0,0,0,0,0,0,0,0,0,0,0,0,,
578,5/20/2019,4,6214,200,7,3.50%,2,91,52,2,8,1,86,0,0,0,0,0,0,0,0,0,0,0,0,0,0,242,-235
579,5/20/2019,4,6214,200,7,3.50%,2,99,50,0,2,0,40,0,0,0,0,0,0,0,0,0,0,0,0,0,0,,
580,5/20/2019,5,4422,200,0,0.00%,0,80,65,0,6,0,40,0,0,0,0,0,0,0,0,0,0,0,0,0,0,191,-191
581,5/20/2019,6,5153,200,6,3.00%,2,93,54,2,9,1,70,0,0,1,0,0,0,0,0,0,0,0,0,0,0,232,-226
582,5/21/2019,1,5731,200,3,1.50%,1,97,61,1,9,0,50,0,1,0,0,0,0,0,0,0,0,0,0,0,0,220,-217
583,5/21/2019,2,5802,200,5,2.50%,2,96,43,1,7,0,45,1,0,1,0,0,0,0,0,0,0,0,0,0,0,196,-191
584,5/21/2019,3,3652,200,2,1.00%,1,95,65,1,10,0,58,0,0,0,0,0,0,0,0,0,0,0,0,0,0,230,-228
585,5/21/2019,4,3849,200,5,2.50%,2,96,45,2,9,1,73,0,0,0,0,0,0,0,0,0,0,0,0,0,0,228,-223
586,5/21/2019,5,5194,200,3,1.50%,1,97,62,1,9,0,46,0,1,0,0,0,0,0,0,0,0,0,0,0,0,217,-214
587,5/21/2019,6,4417,200,7,3.50%,1,94,64,2,8,1,77,1,0,0,0,0,0,0,0,0,0,0,0,0,0,248,-241
588,5/21/2019,6,4417,200,7,3.50%,2,94,42,0,4,0,48,0,0,0,0,0,0,0,0,0,0,0,0,0,0,,
589,5/22/2019,1,4716,200,7,3.50%,1,92,61,2,10,0,55,0,1,1,0,0,0,0,0,0,0,0,0,0,0,223,-216
590,5/22/2019,1,4716,200,7,3.50%,2,91,46,0,6,0,54,0,0,0,0,0,0,0,0,0,0,0,0,0,0,,
591,5/22/2019,2,4516,200,5,2.50%,2,93,46,1,8,0,49,0,0,0,1,1,0,0,0,0,0,0,0,0,0,201,-196
592,5/22/2019,3,5580,200,3,1.50%,1,91,64,1,10,0,53,0,0,1,0,0,0,0,0,0,0,0,0,0,0,221,-218
593,5/22/2019,4,6160,200,6,3.00%,2,100,50,2,10,1,76,0,0,0,0,1,0,0,0,0,0,0,0,0,0,242,-236
594,5/22/2019,5,5828,200,0,0.00%,0,81,61,0,5,0,55,0,0,0,0,0,0,0,0,0,0,0,0,0,0,202,-202
595,5/22/2019,6,4880,200,1,0.50%,1,93,60,0,3,0,51,0,0,0,0,0,0,0,0,0,0,0,0,0,0,208,-207
596,5/23/2019,1,5710,200,3,1.50%,1,97,60,1,10,0,57,0,0,1,0,0,0,0,0,0,0,0,0,0,0,227,-224
597,5/23/2019,2,6039,200,7,3.50%,1,97,61,2,7,1,83,0,0,0,1,0,0,0,0,0,0,0,0,0,0,253,-246
598,5/23/2019,2,6039,200,7,3.50%,2,91,45,0,1,0,40,0,0,0,0,0,0,0,0,0,0,0,0,0,0,,
599,5/23/2019,3,6190,200,5,2.50%,2,98,47,1,9,0,49,0,0,0,0,1,1,0,0,0,0,0,0,0,0,208,-203
600,5/23/2019,4,4137,200,7,3.50%,1,99,65,2,8,1,71,0,0,0,0,0,0,1,0,0,0,0,0,0,0,248,-241
601,5/23/2019,4,4137,200,7,3.50%,2,94,48,0,1,0,46,0,0,0,0,0,0,0,0,0,0,0,0,0,0,,
602,5/23/2019,5,5432,200,1,0.50%,1,94,61,0,5,0,48,0,0,0,0,0,0,0,0,0,0,0,0,0,0,209,-208
603,5/23/2019,6,4451,200,3,1.50%,1,95,64,1,7,0,43,0,1,0,0,0,0,0,0,0,0,0,0,0,0,212,-209
604,5/24/2019,1,5896,200,0,0.00%,0,82,65,0,1,0,47,0,0,0,0,0,0,0,0,0,0,0,0,0,0,195,-195
605,5/24/2019,2,4551,200,5,2.50%,2,92,55,1,9,1,73,1,0,0,0,0,0,0,0,0,0,0,0,0,0,234,-229
606,5/24/2019,3,5942,200,3,1.50%,1,99,62,1,10,0,45,1,0,0,0,0,0,0,0,0,0,0,0,0,0,219,-216
607,5/24/2019,4,4121,200,2,1.00%,1,90,63,1,7,0,47,0,0,0,0,0,0,0,0,0,0,0,0,0,0,209,-207
608,5/24/2019,5,4528,200,7,3.50%,1,94,60,2,8,1,78,0,0,1,0,0,0,0,0,0,0,0,0,0,0,245,-238
609,5/24/2019,5,4528,200,7,3.50%,2,94,48,0,1,0,48,0,0,0,0,0,0,0,0,0,0,0,0,0,0,,
610,5/24/2019,6,5599,200,6,3.00%,2,92,45,2,10,1,72,0,0,0,1,0,0,0,0,0,0,0,0,0,0,225,-219
611,5/25/2019,1,4773,200,6,3.00%,2,98,48,2,7,1,82,0,0,0,0,1,0,0,0,0,0,0,0,0,0,241,-235
612,5/25/2019,2,4854,200,4,2.00%,1,94,61,1,10,0,55,0,0,0,0,0,0,0,0,0,0,0,0,0,0,222,-218
613,5/25/2019,2,4854,200,4,2.00%,2,92,50,0,6,0,59,0,0,0,0,0,0,0,0,0,0,0,0,0,0,,
614,5/25/2019,3,4471,200,2,1.00%,1,91,63,1,8,0,41,0,0,0,0,0,0,0,0,0,0,0,0,0,0,205,-203
615,5/25/2019,4,4046,200,1,0.50%,1,99,64,0,4,0,42,0,0,0,0,0,0,0,0,0,0,0,0,0,0,210,-209
616,5/25/2019,5,4877,200,2,1.00%,1,92,62,0,6,0,47,0,0,0,1,0,0,0,0,0,0,0,0,0,0,209,-207
617,5/25/2019,6,4897,200,3,1.50%,1,90,63,1,8,0,44,0,0,1,0,0,0,0,0,0,0,0,0,0,0,208,-205
618,5/26/2019,1,3870,200,4,2.00%,1,96,61,0,6,0,60,1,0,0,0,0,0,0,0,0,0,0,0,0,0,225,-221
619,5/26/2019,1,3870,200,4,2.00%,2,98,48,0,2,0,56,0,0,0,0,0,0,0,0,0,0,0,0,0,0,,
620,5/26/2019,2,5128,200,3,1.50%,1,96,60,1,10,0,42,0,1,0,0,0,0,0,0,0,0,0,0,0,0,211,-208
621,5/26/2019,3,3641,200,5,2.50%,2,100,52,2,9,1,74,0,0,0,0,0,0,0,0,0,0,0,0,0,0,240,-235
622,5/26/2019,4,5779,200,1,0.50%,1,93,63,0,3,0,60,0,0,0,0,0,0,0,0,0,0,0,0,0,0,220,-219
623,5/26/2019,5,3917,200,5,2.50%,2,97,47,1,7,0,59,0,1,1,0,0,0,0,0,0,0,0,0,0,0,215,-210
624,5/26/2019,6,4622,200,1,0.50%,1,99,62,0,4,0,41,0,0,0,0,0,0,0,0,0,0,0,0,0,0,207,-206
625,5/27/2019,1,3714,200,5,2.50%,2,92,44,1,8,0,49,0,0,0,1,1,0,0,0,0,0,0,0,0,0,198,-193
626,5/27/2019,2,5330,200,1,0.50%,1,90,62,0,6,0,44,0,0,0,0,0,0,0,0,0,0,0,0,0,0,203,-202
627,5/27/2019,3,5144,200,0,0.00%,0,80,64,0,3,0,45,0,0,0,0,0,0,0,0,0,0,0,0,0,0,192,-192
628,5/27/2019,4,5823,200,6,3.00%,2,91,47,2,8,1,81,1,0,0,0,0,0,0,0,0,0,0,0,0,0,233,-227
629,5/27/2019,5,4179,200,4,2.00%,1,98,64,1,10,0,59,0,0,0,0,0,0,0,0,0,0,0,0,0,0,233,-229
630,5/27/2019,5,4179,200,4,2.00%,2,99,49,0,1,0,51,0,0,0,0,0,0,0,0,0,0,0,0,0,0,,
631,5/27/2019,6,6089,200,6,3.00%,2,91,49,2,10,1,85,0,0,0,0,1,0,0,0,0,0,0,0,0,0,241,-235
632,5/28/2019,1,6234,200,3,1.50%,1,100,60,1,8,0,45,1,0,0,0,0,0,0,0,0,0,0,0,0,0,216,-213
633,5/28/2019,2,4244,200,7,3.50%,1,97,62,2,9,1,87,0,0,0,0,0,1,0,0,0,0,0,0,0,0,260,-253
634,5/28/2019,2,4244,200,7,3.50%,2,91,48,0,2,0,51,0,0,0,0,0,0,0,0,0,0,0,0,0,0,,
635,5/28/2019,3,3588,200,2,1.00%,1,99,64,1,7,0,45,0,0,0,0,0,0,0,0,0,0,0,0,0,0,217,-215
636,5/28/2019,4,6179,200,2,1.00%,1,95,64,1,10,0,45,0,0,0,0,0,0,0,0,0,0,0,0,0,0,216,-214
637,5/28/2019,5,4259,200,3,1.50%,1,91,61,1,7,0,56,0,0,0,1,0,0,0,0,0,0,0,0,0,0,218,-215
638,5/28/2019,6,5505,200,3,1.50%,1,94,60,1,7,0,55,0,0,1,0,0,0,0,0,0,0,0,0,0,0,219,-216
639,5/29/2019,1,4786,200,7,3.50%,2,91,51,2,8,1,77,0,0,0,1,0,0,0,0,0,0,0,0,0,0,233,-226
640,5/29/2019,1,4786,200,7,3.50%,1,96,61,0,1,0,51,0,0,0,0,0,0,0,0,0,0,0,0,0,0,,
641,5/29/2019,2,3811,200,5,2.50%,2,97,53,1,7,0,50,0,0,0,0,1,1,0,0,0,0,0,0,0,0,212,-207
642,5/29/2019,3,3962,200,6,3.00%,2,98,47,2,7,1,72,0,0,0,0,0,0,1,0,0,0,0,0,0,0,230,-224
643,5/29/2019,4,6042,200,0,0.00%,0,81,62,0,5,0,53,0,0,0,0,0,0,0,0,0,0,0,0,0,0,201,-201
644,5/29/2019,5,4354,200,4,2.00%,1,90,61,1,10,0,49,0,0,0,0,0,0,0,0,0,0,0,0,0,0,212,-208
645,5/29/2019,5,4354,200,4,2.00%,2,96,47,0,2,0,49,0,0,0,0,0,0,0,0,0,0,0,0,0,0,,
646,5/29/2019,6,6245,200,6,3.00%,2,96,55,2,10,1,71,0,0,0,0,0,1,0,0,0,0,0,0,0,0,238,-232
647,5/30/2019,1,4851,200,6,3.00%,2,92,53,2,7,1,72,0,0,0,0,0,0,1,0,0,0,0,0,0,0,230,-224
648,5/30/2019,2,5918,200,7,3.50%,1,98,65,2,9,0,46,0,0,0,1,1,0,0,0,0,0,0,0,0,0,223,-216
649,5/30/2019,2,5918,200,7,3.50%,2,92,40,0,3,0,40,0,0,0,0,0,0,0,0,0,0,0,0,0,0,,
650,5/30/2019,3,3780,200,3,1.50%,1,91,63,1,10,0,46,1,0,0,0,0,0,0,0,0,0,0,0,0,0,213,-210
651,5/30/2019,4,5080,200,1,0.50%,1,95,65,0,6,0,43,0,0,0,0,0,0,0,0,0,0,0,0,0,0,210,-209
652,5/30/2019,5,4926,200,4,2.00%,1,97,60,1,10,0,50,0,0,0,0,0,0,0,0,0,0,0,0,0,0,219,-215
653,5/30/2019,5,4926,200,4,2.00%,2,98,46,0,1,0,42,0,0,0,0,0,0,0,0,0,0,0,0,0,0,,
654,5/30/2019,6,4807,200,3,1.50%,1,96,65,1,8,0,53,0,1,0,0,0,0,0,0,0,0,0,0,0,0,225,-222
655,5/31/2019,1,5680,200,2,1.00%,1,90,63,1,9,0,43,0,0,0,0,0,0,0,0,0,0,0,0,0,0,207,-205
656,5/31/2019,2,5148,200,6,3.00%,2,96,54,2,9,1,84,0,0,1,0,0,0,0,0,0,0,0,0,0,0,249,-243
657,5/31/2019,3,4323,200,6,3.00%,2,100,41,2,9,1,70,0,0,0,1,0,0,0,0,0,0,0,0,0,0,226,-220
658,5/31/2019,4,4953,200,6,3.00%,2,96,54,2,8,1,72,0,0,0,0,1,0,0,0,0,0,0,0,0,0,236,-230
659,5/31/2019,5,4811,200,7,3.50%,1,98,63,2,7,1,86,0,0,0,0,0,1,0,0,0,0,0,0,0,0,259,-252
660,5/31/2019,5,4811,200,7,3.50%,2,95,43,0,3,0,48,0,0,0,0,0,0,0,0,0,0,0,0,0,0,,
661,5/31/2019,6,4566,200,0,0.00%,0,80,63,0,6,0,51,0,0,0,0,0,0,0,0,0,0,0,0,0,0,200,-200
